"JSDu, surgical_case_durations NO_ADDED_NOISE    sigma    0",137.73972,147.4861,131.48325,128.9502,147.04907,148.35336
"JSDu, LBP RA NO_ADDED_NOISE    sigma    0",44.888927,60.688633,51.90468,61.42109,65.02846,61.341293
"JSDu, surgical_case_durations NO_ADDED_NOISE SD=4    sigma    0",94.145966,106.8941,123.52473,76.048164,68.29351,84.52022
"JSDu, LBP RA NO_ADDED_NOISE SD=4    sigma    0",61.53154,58.06169,72.897675,58.203693,55.0364,52.81324
"JSDu, surgical_case_durations NO_ADDED_NOISE SD=100    sigma    0",176.47209,164.89337,173.56221,201.1144,213.36195,184.16632
"JSDu, LBP RA NO_ADDED_NOISE SD=100    sigma    0",29.400414,36.03126,43.707085,38.707478,32.11787,52.160366
"Wassersteinu, surgical_case_durations NO_ADDED_NOISE    sigma    0",716.7359,974.2073,798.59924,838.24365,767.8304,725.90625
"Wassersteinu, LBP RA NO_ADDED_NOISE    sigma    0",1389.6575,1348.8314,1197.8837,1258.7592,1093.4287,1278.2157
"Wassersteinu, surgical_case_durations NO_ADDED_NOISE SD=4    sigma    0",356.7249,376.18933,464.5216,306.82474,522.95795,407.28806
"Wassersteinu, LBP RA NO_ADDED_NOISE SD=4    sigma    0",1046.8041,1079.2494,1136.4916,1248.1671,1181.5609,1212.3358
"Wassersteinu, surgical_case_durations NO_ADDED_NOISE SD=100    sigma    0",852.55255,815.1652,902.2958,876.98035,821.6624,919.3938
"Wassersteinu, LBP RA NO_ADDED_NOISE SD=100    sigma    0",959.8804,825.1453,765.10315,868.07324,874.86127,899.15814
"JSD, surgical_case_durations    sigma    0.005",2781.1284,2865.0525,2961.9067,2890.1123,3065.4463,2978.0361
"JSD, surgical_case_durations    sigma    0.01",4589.8555,4580.621,4653.6167,4676.4863,4535.765,4574.8955
"JSD, surgical_case_durations    sigma    0.02",7554.4062,7469.3257,7515.8535,7757.9434,7589.303,7631.5483
"JSD, surgical_case_durations    sigma    0.05",11532.342,11408.861,11152.527,11419.362,11356.286,11356.163
"JSD, surgical_case_durations    sigma    0.1",14490.889,14193.82,14061.3125,14313.7,14116.561,14162.841
"JSD, surgical_case_durations    sigma    0.2",16002.864,16154.281,16329.549,15944.074,16104.711,16237.688
"JSD, surgical_case_durations    missing_entry    0.001",619.3339,823.3543,784.88837,936.6138,773.9251,557.5241
"JSD, surgical_case_durations    missing_entry    0.005",862.13293,797.36475,1043.7454,752.1688,803.2027,748.24756
"JSD, surgical_case_durations    missing_entry    0.01",788.32825,796.31537,817.6606,1014.9495,784.47845,1001.66125
"JSD, surgical_case_durations    missing_entry    0.05",1708.4979,1553.1027,1591.355,1579.0116,1619.7427,1405.5873
"JSD, surgical_case_durations    missing_entry    0.1",2773.7935,2746.2961,2597.3618,2744.8796,2661.9146,2568.7727
"JSD, surgical_case_durations    missing_entry    0.5",11237.985,11148.508,11019.504,10700.067,10802.503,10845.641
"JSD, surgical_case_durations    missing_entry_combined    0.001",7372.184,7551.194,7518.1445,7622.2456,7529.206,7638.6445
"JSD, surgical_case_durations    missing_entry_combined    0.005",7821.793,7609.3467,7617.896,7393.0825,7634.394,7699.528
"JSD, surgical_case_durations    missing_entry_combined    0.01",7730.272,7544.9766,7794.706,7619.834,7803.4624,7687.0117
"JSD, surgical_case_durations    missing_entry_combined    0.05",8207.945,8262.483,8359.757,8326.048,7944.6504,8135.737
"JSD, surgical_case_durations    missing_entry_combined    0.1",8706.621,8917.1,8733.296,8944.939,8885.039,8627.674
"JSD, surgical_case_durations    missing_entry_combined    0.5",13908.308,13663.969,13912.139,14272.476,13710.802,13558.505
"JSDu, surgical_case_durations    sigma    0.005",3627.746,3554.4443,3619.6494,3665.4495,3668.4075,3654.4097
"JSDu, surgical_case_durations    sigma    0.01",7823.7744,7879.527,7660.7725,7778.3267,7703.0894,7702.582
"JSDu, surgical_case_durations    sigma    0.02",15394.915,15030.695,15209.475,15096.812,15001.032,15014.494
"JSDu, surgical_case_durations    sigma    0.05",26152.463,26214.201,26359.084,26183.02,26268.898,26081.719
"JSDu, surgical_case_durations    sigma    0.1",33196.617,32970.383,33113.918,33011.52,32678.092,33300.15
"JSDu, surgical_case_durations    sigma    0.2",37553.125,37067.12,37092.48,36749.05,37488.15,37195.227
"JSDu, surgical_case_durations    missing_entry    0.001",167.80772,150.86708,141.49626,152.20726,143.46416,151.4166
"JSDu, surgical_case_durations    missing_entry    0.005",245.20316,206.33755,218.96402,243.39949,229.5467,213.14532
"JSDu, surgical_case_durations    missing_entry    0.01",297.87228,309.0553,275.65253,310.11005,292.44962,321.03943
"JSDu, surgical_case_durations    missing_entry    0.05",960.67615,991.4016,960.0272,948.98596,979.0039,1003.3015
"JSDu, surgical_case_durations    missing_entry    0.1",1834.0066,1845.1538,1863.031,1810.2511,1816.948,1859.7216
"JSDu, surgical_case_durations    missing_entry    0.5",9500.375,9565.724,9662.111,9572.522,9593.232,9441.603
"JSDu, surgical_case_durations    missing_entry_combined    0.001",14988.41,15121.746,15063.889,15067.058,15050.245,14905.491
"JSDu, surgical_case_durations    missing_entry_combined    0.005",15067.095,15127.381,15030.45,15372.456,15019.885,15225.381
"JSDu, surgical_case_durations    missing_entry_combined    0.01",15184.385,15344.847,15260.724,15400.741,15185.331,15131.314
"JSDu, surgical_case_durations    missing_entry_combined    0.05",15778.555,15730.369,15662.392,15877.818,15769.197,15840.81
"JSDu, surgical_case_durations    missing_entry_combined    0.1",16170.988,16639.496,16592.586,16488.676,16661.46,16549.895
"JSDu, surgical_case_durations    missing_entry_combined    0.5",22060.13,22463.314,22408.557,22439.816,22082.402,22027.057
"JSD, LBP RA    sigma    0.005",1880.0132,1765.9105,1830.373,1683.1434,1839.0358,1867.9537
"JSD, LBP RA    sigma    0.01",3317.3975,3767.5989,3264.6277,3414.771,3616.765,3454.5574
"JSD, LBP RA    sigma    0.02",5749.811,6108.3477,5837.4985,5549.4346,5980.964,6083.5776
"JSD, LBP RA    sigma    0.05",8648.002,8493.021,8577.141,8778.798,8450.548,8494.719
"JSD, LBP RA    sigma    0.1",9736.881,9839.726,9664.3125,9872.26,9644.006,9873.414
"JSD, LBP RA    sigma    0.2",10082.531,10194.78,10069.022,10182.177,10157.636,9815.944
"JSD, LBP RA    missing_entry    0.001",236.97366,356.9286,307.7803,320.75,332.69608,296.81064
"JSD, LBP RA    missing_entry    0.005",387.96344,360.3529,350.78323,292.31882,329.37982,360.42795
"JSD, LBP RA    missing_entry    0.01",417.4614,386.85437,436.12692,403.28265,355.434,406.76776
"JSD, LBP RA    missing_entry    0.05",791.04034,873.7915,862.9041,817.2143,899.2986,841.4367
"JSD, LBP RA    missing_entry    0.1",1454.8418,1267.8445,1444.9775,1338.8561,1393.8818,1243.0918
"JSD, LBP RA    missing_entry    0.5",6126.4395,5989.2915,5824.964,6033.656,5786.0864,5872.4126
"JSD, LBP RA    missing_entry_combined    0.001",5662.262,6014.502,6216.7593,5756.802,5726.3286,5732.706
"JSD, LBP RA    missing_entry_combined    0.005",6094.2144,6213.3477,5983.956,5998.6875,5991.8374,6005.3413
"JSD, LBP RA    missing_entry_combined    0.01",5903.123,6273.673,5837.1694,5764.268,5804.899,6157.268
"JSD, LBP RA    missing_entry_combined    0.05",6225.075,6077.825,6231.1455,6450.237,6363.664,6021.1533
"JSD, LBP RA    missing_entry_combined    0.1",6474.6377,6421.592,6397.6855,6338.938,6419.152,6479.675
"JSD, LBP RA    missing_entry_combined    0.5",8612.24,8820.836,8778.447,9281.167,8993.181,8515.977
"JSDu, LBP RA    sigma    0.005",1147.6796,1126.2559,1138.7532,1139.7747,1137.0021,1115.4333
"JSDu, LBP RA    sigma    0.01",2944.0605,2934.3044,2992.8564,2946.7595,2998.817,3008.5818
"JSDu, LBP RA    sigma    0.02",6125.7485,6297.144,6267.2144,6289.8955,6355.0684,6264.4272
"JSDu, LBP RA    sigma    0.05",11251.572,11293.984,11187.477,11302.542,11211.802,11294.038
"JSDu, LBP RA    sigma    0.1",13710.829,13681.592,13614.8125,13688.231,13721.529,13561.806
"JSDu, LBP RA    sigma    0.2",14788.942,14540.887,14743.363,14736.954,14775.954,14648.041
"JSDu, LBP RA    missing_entry    0.001",71.87162,67.72818,75.16643,61.735718,78.624565,72.933914
"JSDu, LBP RA    missing_entry    0.005",102.31314,115.58842,102.1146,106.56245,92.5121,102.44834
"JSDu, LBP RA    missing_entry    0.01",145.48964,142.81982,146.2644,147.68323,156.19795,158.54883
"JSDu, LBP RA    missing_entry    0.05",558.0039,533.00464,537.64746,536.3975,509.13336,504.14963
"JSDu, LBP RA    missing_entry    0.1",971.926,1004.08344,982.2647,995.8036,973.65314,985.3897
"JSDu, LBP RA    missing_entry    0.5",5213.002,5186.8174,5189.54,5126.1353,5098.3433,5033.11
"JSDu, LBP RA    missing_entry_combined    0.001",6210.9995,6289.8306,6233.113,6194.84,6338.088,6263.101
"JSDu, LBP RA    missing_entry_combined    0.005",6291.0464,6274.7104,6308.036,6076.3164,6289.229,6403.4893
"JSDu, LBP RA    missing_entry_combined    0.01",6105.334,6371.745,6226.5625,6404.495,6376.0444,6423.229
"JSDu, LBP RA    missing_entry_combined    0.05",6604.31,6549.6655,6528.995,6633.61,6568.0576,6616.599
"JSDu, LBP RA    missing_entry_combined    0.1",6814.134,6726.3027,6841.2217,6900.7026,6833.781,6849.3584
"JSDu, LBP RA    missing_entry_combined    0.5",9374.214,9300.662,9307.635,9241.624,9379.748,9378.345
"JSD, surgical_case_durations, SD=4    sigma    0.005",3050.6477,2903.218,3021.303,2922.0957,3091.3782,3161.769
"JSD, surgical_case_durations, SD=4    sigma    0.01",5103.0,5322.6187,4899.9404,5107.8213,4988.0063,5329.7876
"JSD, surgical_case_durations, SD=4    sigma    0.02",8040.301,7979.291,8102.5645,7971.6777,7850.232,7906.2744
"JSD, surgical_case_durations, SD=4    sigma    0.05",11695.221,11594.071,11774.984,11938.815,11763.213,11673.464
"JSD, surgical_case_durations, SD=4    sigma    0.1",15322.338,14851.024,15002.419,14823.245,14830.977,14825.665
"JSD, surgical_case_durations, SD=4    sigma    0.2",16887.088,16502.361,16362.493,16808.424,16676.559,16353.328
"JSD, surgical_case_durations, SD=4    missing_entry    0.001",761.4785,764.8103,1014.0992,693.12866,894.8301,769.3907
"JSD, surgical_case_durations, SD=4    missing_entry    0.005",827.7812,800.5468,832.8101,813.2115,844.3315,952.6641
"JSD, surgical_case_durations, SD=4    missing_entry    0.01",798.63947,1002.09735,1097.7927,958.57965,1006.8505,1273.9146
"JSD, surgical_case_durations, SD=4    missing_entry    0.05",1804.4778,1779.8739,1778.7708,1779.2622,1612.7957,1903.4395
"JSD, surgical_case_durations, SD=4    missing_entry    0.1",3040.3044,2944.4338,2832.8303,3101.8572,2781.8396,2885.7964
"JSD, surgical_case_durations, SD=4    missing_entry    0.5",11924.549,11450.308,11735.915,11900.339,11644.343,12018.655
"JSD, surgical_case_durations, SD=4    missing_entry_combined    0.001",7865.345,8449.159,8411.789,8175.5317,7972.522,8321.034
"JSD, surgical_case_durations, SD=4    missing_entry_combined    0.005",8083.389,8405.904,8210.8545,8195.505,8488.445,7958.101
"JSD, surgical_case_durations, SD=4    missing_entry_combined    0.01",8186.758,8023.075,8441.276,8133.674,8167.233,8390.084
"JSD, surgical_case_durations, SD=4    missing_entry_combined    0.05",8979.745,8589.79,8947.344,8579.91,8829.226,8598.178
"JSD, surgical_case_durations, SD=4    missing_entry_combined    0.1",9271.866,9256.812,9220.1875,9813.129,9564.806,9310.656
"JSD, surgical_case_durations, SD=4    missing_entry_combined    0.5",14780.656,15150.564,14676.615,14634.359,14290.054,14795.084
"JSDu, surgical_case_durations, SD=4    sigma    0.005",3290.9001,3122.6663,3129.2925,3266.7742,3216.3306,3159.6614
"JSDu, surgical_case_durations, SD=4    sigma    0.01",7172.525,7121.7188,7568.293,7159.266,7267.916,7325.3477
"JSDu, surgical_case_durations, SD=4    sigma    0.02",15504.294,15080.584,15355.799,15184.763,14954.6,15515.343
"JSDu, surgical_case_durations, SD=4    sigma    0.05",27879.822,28395.121,27518.635,28025.586,27342.727,27857.578
"JSDu, surgical_case_durations, SD=4    sigma    0.1",35376.47,35498.78,35201.777,35290.082,34937.06,34813.707
"JSDu, surgical_case_durations, SD=4    sigma    0.2",40495.504,39106.7,38932.387,39552.344,39304.16,38987.758
"JSDu, surgical_case_durations, SD=4    missing_entry    0.001",144.03,166.9855,105.84214,119.99384,143.33017,129.46664
"JSDu, surgical_case_durations, SD=4    missing_entry    0.005",150.50983,187.957,156.34998,160.07108,215.22217,167.53145
"JSDu, surgical_case_durations, SD=4    missing_entry    0.01",277.2586,259.9478,249.48648,245.7051,253.97527,293.64072
"JSDu, surgical_case_durations, SD=4    missing_entry    0.05",956.75446,980.49005,984.69635,1093.2023,1002.66815,913.31354
"JSDu, surgical_case_durations, SD=4    missing_entry    0.1",1855.7925,1929.5659,1886.2101,2005.3206,1954.5062,1882.4803
"JSDu, surgical_case_durations, SD=4    missing_entry    0.5",10218.512,10053.494,10013.537,10337.258,10175.085,10029.003
"JSDu, surgical_case_durations, SD=4    missing_entry_combined    0.001",15094.602,15056.83,15482.52,15181.69,15006.107,15027.376
"JSDu, surgical_case_durations, SD=4    missing_entry_combined    0.005",15388.789,14819.382,15305.529,15350.8545,15462.9,15525.264
"JSDu, surgical_case_durations, SD=4    missing_entry_combined    0.01",15469.499,15500.229,15472.532,15558.817,15436.609,15206.52
"JSDu, surgical_case_durations, SD=4    missing_entry_combined    0.05",15533.619,15913.024,15666.596,16117.328,15962.922,15644.324
"JSDu, surgical_case_durations, SD=4    missing_entry_combined    0.1",16550.975,16787.432,16677.908,16701.84,16684.596,16682.787
"JSDu, surgical_case_durations, SD=4    missing_entry_combined    0.5",22478.082,22573.76,22605.424,22752.93,22914.668,22558.902
"JSD, LBP RA, SD=4    sigma    0.005",2232.3472,1993.4404,2193.5698,2131.712,2261.841,2214.7083
"JSD, LBP RA, SD=4    sigma    0.01",4036.6677,4006.942,3949.7253,4013.9268,3997.2446,3880.68
"JSD, LBP RA, SD=4    sigma    0.02",7073.326,6843.467,7039.2324,7039.7915,7156.645,6700.1406
"JSD, LBP RA, SD=4    sigma    0.05",9646.227,9768.374,9750.974,9738.156,9704.674,9580.855
"JSD, LBP RA, SD=4    sigma    0.1",10756.778,10287.189,10249.157,10308.227,10084.405,10149.254
"JSD, LBP RA, SD=4    sigma    0.2",10221.784,10293.226,10482.889,10561.552,10519.245,10431.958
"JSD, LBP RA, SD=4    missing_entry    0.001",446.06964,522.3907,404.16577,323.9869,429.48932,500.5535
"JSD, LBP RA, SD=4    missing_entry    0.005",449.24457,470.43738,427.03543,523.28143,549.3779,445.58466
"JSD, LBP RA, SD=4    missing_entry    0.01",509.8747,485.12964,561.19226,545.97095,557.6019,523.75665
"JSD, LBP RA, SD=4    missing_entry    0.05",1091.6295,1007.1924,915.30975,958.4321,1002.0434,1077.1731
"JSD, LBP RA, SD=4    missing_entry    0.1",1665.9491,1494.7783,1573.7963,1586.2424,1504.211,1550.919
"JSD, LBP RA, SD=4    missing_entry    0.5",6550.3633,6378.4253,6243.5103,6244.681,6544.9165,6079.747
"JSD, LBP RA, SD=4    missing_entry_combined    0.001",6912.4375,6869.8228,6986.4604,6902.9565,7128.48,6931.1597
"JSD, LBP RA, SD=4    missing_entry_combined    0.005",6904.215,6854.6445,6910.1396,7064.2812,6782.1567,7091.0083
"JSD, LBP RA, SD=4    missing_entry_combined    0.01",7261.1504,7105.9253,7066.6187,6955.2065,7037.4546,7244.2188
"JSD, LBP RA, SD=4    missing_entry_combined    0.05",7022.6963,7256.3364,7005.1533,7464.51,7292.9956,7209.831
"JSD, LBP RA, SD=4    missing_entry_combined    0.1",7354.4277,7889.3496,7208.8145,7330.0635,7619.429,7499.6646
"JSD, LBP RA, SD=4    missing_entry_combined    0.5",9064.701,9041.143,9015.793,9065.642,9236.15,9287.518
"JSDu, LBP RA, SD=4    sigma    0.005",1071.3601,1130.8322,1117.0706,1113.157,1134.1644,1101.29
"JSDu, LBP RA, SD=4    sigma    0.01",3213.7815,3261.6287,3177.5107,3143.9768,3167.3381,3160.2134
"JSDu, LBP RA, SD=4    sigma    0.02",7220.293,7359.727,7367.06,7284.33,7266.4316,7328.7485
"JSDu, LBP RA, SD=4    sigma    0.05",12429.553,12340.425,12377.031,12420.745,12447.526,12515.091
"JSDu, LBP RA, SD=4    sigma    0.1",14560.823,14472.93,14444.494,14344.252,14543.618,14608.438
"JSDu, LBP RA, SD=4    sigma    0.2",15417.754,15479.621,15300.653,15561.048,15277.216,15417.706
"JSDu, LBP RA, SD=4    missing_entry    0.001",56.724083,71.58796,69.08797,73.62633,62.590973,71.59247
"JSDu, LBP RA, SD=4    missing_entry    0.005",110.831795,114.16749,106.963806,93.02718,108.59495,110.733505
"JSDu, LBP RA, SD=4    missing_entry    0.01",173.0913,159.54025,156.38574,167.35074,161.95392,153.85207
"JSDu, LBP RA, SD=4    missing_entry    0.05",572.8895,538.655,544.6583,510.24655,568.18536,553.1792
"JSDu, LBP RA, SD=4    missing_entry    0.1",1052.9841,1038.8718,1033.3306,1010.4344,1047.1128,1052.8373
"JSDu, LBP RA, SD=4    missing_entry    0.5",5245.574,5068.184,5302.086,5396.912,5464.8057,5264.423
"JSDu, LBP RA, SD=4    missing_entry_combined    0.001",7273.4336,7245.642,7161.444,7205.7954,7242.098,7244.4824
"JSDu, LBP RA, SD=4    missing_entry_combined    0.005",7322.637,7212.612,7352.681,7273.25,7197.8716,7293.926
"JSDu, LBP RA, SD=4    missing_entry_combined    0.01",7191.5083,7479.639,7307.552,7266.708,7194.6587,7192.4497
"JSDu, LBP RA, SD=4    missing_entry_combined    0.05",7639.543,7608.86,7573.439,7567.323,7535.9526,7575.46
"JSDu, LBP RA, SD=4    missing_entry_combined    0.1",7868.3,7795.7944,7873.888,7785.7705,7888.7324,7787.311
"JSDu, LBP RA, SD=4    missing_entry_combined    0.5",10035.612,10097.766,10036.731,10094.918,9934.36,10076.051
"JSD, surgical_case_durations, SD=100    sigma    0.005",2896.0127,2909.8708,3194.7036,2956.0083,2889.2092,3022.3958
"JSD, surgical_case_durations, SD=100    sigma    0.01",4406.105,4533.817,4517.3086,4500.4004,4251.5933,4455.9966
"JSD, surgical_case_durations, SD=100    sigma    0.02",7081.0234,7457.6694,7072.16,7302.6304,7328.8477,7130.9565
"JSD, surgical_case_durations, SD=100    sigma    0.05",10542.387,10636.6875,11062.623,10589.138,10485.47,10597.528
"JSD, surgical_case_durations, SD=100    sigma    0.1",13060.866,12846.251,12759.121,12912.795,12727.077,12399.811
"JSD, surgical_case_durations, SD=100    sigma    0.2",14646.6,14178.891,14485.265,14443.425,14248.185,14295.52
"JSD, surgical_case_durations, SD=100    missing_entry    0.001",1010.89417,1124.8921,1165.6971,1173.012,776.32367,1161.7493
"JSD, surgical_case_durations, SD=100    missing_entry    0.005",996.5253,987.28937,1232.7839,1028.476,804.85376,1126.0779
"JSD, surgical_case_durations, SD=100    missing_entry    0.01",1071.8485,1224.5779,917.8774,1068.0591,1146.0253,1114.1726
"JSD, surgical_case_durations, SD=100    missing_entry    0.05",1961.5715,2017.3485,1858.0941,2081.8667,2050.524,1844.9072
"JSD, surgical_case_durations, SD=100    missing_entry    0.1",2939.1853,2961.2686,2997.7134,2958.84,2727.7722,2589.064
"JSD, surgical_case_durations, SD=100    missing_entry    0.5",10997.017,10853.929,10685.957,10638.25,10895.038,11056.854
"JSD, surgical_case_durations, SD=100    missing_entry_combined    0.001",7031.464,7298.6694,7093.0684,7047.9956,6894.5186,7012.25
"JSD, surgical_case_durations, SD=100    missing_entry_combined    0.005",7270.065,7236.272,7143.797,7168.3604,7150.2695,7117.533
"JSD, surgical_case_durations, SD=100    missing_entry_combined    0.01",7569.4927,7345.116,7052.823,7025.7793,7319.5034,7019.727
"JSD, surgical_case_durations, SD=100    missing_entry_combined    0.05",7566.6875,7793.947,8018.4155,7659.855,7753.1895,7676.66
"JSD, surgical_case_durations, SD=100    missing_entry_combined    0.1",8262.677,8488.607,8396.7705,8329.398,8300.595,8561.222
"JSD, surgical_case_durations, SD=100    missing_entry_combined    0.5",13627.614,13141.399,13321.388,13494.461,13572.875,13435.8955
"JSDu, surgical_case_durations, SD=100    sigma    0.005",3808.9321,3811.1406,3802.4175,3812.1655,3885.2532,3915.5718
"JSDu, surgical_case_durations, SD=100    sigma    0.01",8069.103,8030.1353,7999.4053,8063.5625,8095.7246,7940.0537
"JSDu, surgical_case_durations, SD=100    sigma    0.02",15413.588,15301.495,15367.244,15026.964,15344.827,15299.609
"JSDu, surgical_case_durations, SD=100    sigma    0.05",25978.266,26415.67,26448.172,26359.168,26230.117,26186.559
"JSDu, surgical_case_durations, SD=100    sigma    0.1",33284.188,33446.39,33630.863,33510.887,33142.2,33261.49
"JSDu, surgical_case_durations, SD=100    sigma    0.2",38394.9,38314.8,38174.52,37706.53,38167.023,38305.766
"JSDu, surgical_case_durations, SD=100    missing_entry    0.001",168.90845,197.63727,196.2155,241.81781,186.6512,195.67769
"JSDu, surgical_case_durations, SD=100    missing_entry    0.005",273.93872,255.88239,287.96164,228.4865,254.72916,253.23836
"JSDu, surgical_case_durations, SD=100    missing_entry    0.01",363.42374,338.1267,359.50052,343.88116,323.8731,312.6975
"JSDu, surgical_case_durations, SD=100    missing_entry    0.05",994.4258,999.9558,1041.5442,1063.705,1006.77423,986.5413
"JSDu, surgical_case_durations, SD=100    missing_entry    0.1",1904.1705,1796.5912,1886.0165,1919.0146,1818.322,1826.2294
"JSDu, surgical_case_durations, SD=100    missing_entry    0.5",9281.136,9447.968,9255.318,9462.508,9334.633,9422.492
"JSDu, surgical_case_durations, SD=100    missing_entry_combined    0.001",15315.455,15314.297,15306.13,15286.942,15302.329,15311.952
"JSDu, surgical_case_durations, SD=100    missing_entry_combined    0.005",15471.532,15318.072,15423.348,15350.953,15570.209,15365.067
"JSDu, surgical_case_durations, SD=100    missing_entry_combined    0.01",15601.091,15611.432,15687.522,15709.827,15410.574,15493.262
"JSDu, surgical_case_durations, SD=100    missing_entry_combined    0.05",15829.479,16046.372,15836.629,15979.147,15986.765,16049.053
"JSDu, surgical_case_durations, SD=100    missing_entry_combined    0.1",16823.426,16768.635,16880.2,16650.066,16784.889,16674.227
"JSDu, surgical_case_durations, SD=100    missing_entry_combined    0.5",22810.998,22727.416,22516.396,22669.352,22581.023,22425.54
"JSD, LBP RA, SD=100    sigma    0.005",2554.0825,2509.8965,3069.0818,2814.5474,2737.9346,2676.0835
"JSD, LBP RA, SD=100    sigma    0.01",3758.1138,3733.7036,3987.792,3793.8733,3698.7961,3499.8403
"JSD, LBP RA, SD=100    sigma    0.02",5807.026,5683.782,5518.9326,5574.9224,5497.8384,5340.9204
"JSD, LBP RA, SD=100    sigma    0.05",7465.492,7760.891,7394.636,7549.581,7724.46,7761.4395
"JSD, LBP RA, SD=100    sigma    0.1",8375.062,8127.0347,8390.349,8174.423,8281.057,8324.982
"JSD, LBP RA, SD=100    sigma    0.2",9258.441,9001.85,8986.98,9035.044,9176.313,8819.613
"JSD, LBP RA, SD=100    missing_entry    0.001",1086.4631,948.0075,529.1476,776.35754,793.0215,1336.8212
"JSD, LBP RA, SD=100    missing_entry    0.005",790.11005,876.01337,828.3244,1197.6174,1272.376,767.90765
"JSD, LBP RA, SD=100    missing_entry    0.01",610.3972,770.61414,808.2715,1286.9408,781.8818,1003.35785
"JSD, LBP RA, SD=100    missing_entry    0.05",1047.4429,1460.0367,1363.849,1249.1554,1545.5253,1578.0082
"JSD, LBP RA, SD=100    missing_entry    0.1",1906.6368,2006.7699,1722.8185,1704.8763,1781.7944,1751.5198
"JSD, LBP RA, SD=100    missing_entry    0.5",6285.2812,6543.0386,6371.881,5999.9023,6630.2197,6585.349
"JSD, LBP RA, SD=100    missing_entry_combined    0.001",5689.8047,5443.9,5648.666,5456.7163,5984.303,5698.2676
"JSD, LBP RA, SD=100    missing_entry_combined    0.005",5517.38,5563.2534,5747.213,5716.2915,5610.5674,5749.3633
"JSD, LBP RA, SD=100    missing_entry_combined    0.01",5918.6816,5868.3257,5541.373,5566.299,5788.855,5663.3936
"JSD, LBP RA, SD=100    missing_entry_combined    0.05",5699.16,6037.6777,5934.5825,5937.937,5987.6836,5819.2305
"JSD, LBP RA, SD=100    missing_entry_combined    0.1",6194.1333,6016.4424,6150.9062,6281.7803,6204.4634,6147.0786
"JSD, LBP RA, SD=100    missing_entry_combined    0.5",8719.437,8555.249,8734.124,8551.588,8962.948,8638.974
"JSDu, LBP RA, SD=100    sigma    0.005",1812.4353,1690.7883,1769.2203,1810.2837,1696.4937,1751.7415
"JSDu, LBP RA, SD=100    sigma    0.01",3677.3418,3687.9377,3711.4187,3704.9797,3720.7646,3776.0994
"JSDu, LBP RA, SD=100    sigma    0.02",6973.123,7025.6304,6982.2524,6872.538,6997.8745,6947.3696
"JSDu, LBP RA, SD=100    sigma    0.05",11202.166,11175.702,11011.73,11149.963,11225.296,11067.512
"JSDu, LBP RA, SD=100    sigma    0.1",13293.648,13320.519,13435.042,13394.499,13465.969,13394.5625
"JSDu, LBP RA, SD=100    sigma    0.2",14847.5,14702.76,14696.733,14793.843,14759.347,14782.934
"JSDu, LBP RA, SD=100    missing_entry    0.001",62.701195,46.44304,51.8263,44.70731,43.77491,58.21381
"JSDu, LBP RA, SD=100    missing_entry    0.005",86.77969,94.18939,72.93329,74.499626,104.79219,72.77171
"JSDu, LBP RA, SD=100    missing_entry    0.01",127.332375,132.79251,130.4525,121.82988,160.21928,119.113335
"JSDu, LBP RA, SD=100    missing_entry    0.05",491.2774,470.2984,469.10596,459.93542,490.30756,472.09116
"JSDu, LBP RA, SD=100    missing_entry    0.1",953.447,865.43787,882.43384,995.2353,908.53107,955.5818
"JSDu, LBP RA, SD=100    missing_entry    0.5",4795.4517,4919.7354,4868.007,4699.9243,4783.16,4776.7183
"JSDu, LBP RA, SD=100    missing_entry_combined    0.001",6967.159,6925.4824,6961.867,7031.1855,6933.7124,6895.4854
"JSDu, LBP RA, SD=100    missing_entry_combined    0.005",6923.5244,6879.4185,6972.4204,6927.775,6831.992,6925.968
"JSDu, LBP RA, SD=100    missing_entry_combined    0.01",7072.931,6974.2847,6960.1245,7042.3486,6949.39,6978.8496
"JSDu, LBP RA, SD=100    missing_entry_combined    0.05",7288.4175,7263.632,7265.6553,7288.1846,7300.0474,7271.9087
"JSDu, LBP RA, SD=100    missing_entry_combined    0.1",7463.806,7499.555,7539.769,7382.697,7620.059,7558.2363
"JSDu, LBP RA, SD=100    missing_entry_combined    0.5",9828.249,9878.375,9821.469,9789.806,9779.862,9917.85
"Wasserstein, surgical_case_durations    sigma    0.005",2389.3945,2570.66,2628.7832,2531.3677,2587.051,2288.5364
"Wasserstein, surgical_case_durations    sigma    0.01",4247.3555,4322.1016,4210.85,4324.27,4122.0474,4315.4663
"Wasserstein, surgical_case_durations    sigma    0.02",7431.272,7126.1426,7128.3916,7036.7046,7097.664,7115.7236
"Wasserstein, surgical_case_durations    sigma    0.05",10601.123,10681.93,10712.846,10679.965,10948.541,11005.72
"Wasserstein, surgical_case_durations    sigma    0.1",13582.657,13702.875,13755.749,14892.437,13635.598,13854.024
"Wasserstein, surgical_case_durations    sigma    0.2",16125.371,15409.56,15653.965,15478.21,15636.508,15536.967
"Wasserstein, surgical_case_durations    missing_entry    0.001",1435.5885,1296.9835,1322.8258,1322.294,1216.9606,1112.2313
"Wasserstein, surgical_case_durations    missing_entry    0.005",1380.9825,1628.5365,1702.2297,1322.2391,1571.9304,1473.784
"Wasserstein, surgical_case_durations    missing_entry    0.01",1320.731,1474.46,1407.8813,1412.9984,1309.8248,1420.9286
"Wasserstein, surgical_case_durations    missing_entry    0.05",2125.602,2008.0763,2073.981,2385.4358,2203.146,2222.8928
"Wasserstein, surgical_case_durations    missing_entry    0.1",2999.0376,2918.3848,2932.2263,3040.4314,2834.417,3424.2383
"Wasserstein, surgical_case_durations    missing_entry    0.5",10459.69,10934.4,10590.9,10450.592,10335.503,10562.759
"Wasserstein, surgical_case_durations    missing_entry_combined    0.001",7231.933,7336.1934,7026.6045,7289.2217,7171.109,7396.1997
"Wasserstein, surgical_case_durations    missing_entry_combined    0.005",7448.5864,7001.2573,7211.074,7168.923,7244.825
"Wasserstein, surgical_case_durations    missing_entry_combined    0.01",7475.279,7261.6406,7130.411,7200.1694,7236.0654
"Wasserstein, surgical_case_durations    missing_entry_combined    0.05",7746.3306,7799.8203,7569.111,7778.396,7864.221
"Wasserstein, surgical_case_durations    missing_entry_combined    0.1",8386.389,8342.883,8297.208,8676.114,8276.508
"Wasserstein, surgical_case_durations    missing_entry_combined    0.5",13548.366,13308.421,13451.531,13187.874,12924.417
"Wassersteinu, surgical_case_durations    sigma    0.005",4098.1323,3985.6802,3991.328,4036.2285,4068.2505
"Wassersteinu, surgical_case_durations    sigma    0.01",8389.371,8525.908,8431.443,8430.915,8300.148
"Wassersteinu, surgical_case_durations    sigma    0.02",15814.222,15944.794,15795.963,15877.702,16201.74
"Wassersteinu, surgical_case_durations    sigma    0.05",26805.008,26437.76,26614.12,27209.236,26563.057
"Wassersteinu, surgical_case_durations    sigma    0.1",33166.72,32803.188,33157.754,33288.848,32763.586
"Wassersteinu, surgical_case_durations    sigma    0.2",37481.164,37325.38,37128.062,37497.883,37700.527
"Wassersteinu, surgical_case_durations    missing_entry    0.001",822.07043,851.93726,1092.2859,755.22687,737.2232
"Wassersteinu, surgical_case_durations    missing_entry    0.005",1079.386,734.4705,1027.3269,1013.5453,835.9945
"Wassersteinu, surgical_case_durations    missing_entry    0.01",952.0796,981.0623,940.6338,1163.526,966.9627
"Wassersteinu, surgical_case_durations    missing_entry    0.05",1593.2041,1707.3408,1542.8779,1569.3094,1796.1569
"Wassersteinu, surgical_case_durations    missing_entry    0.1",2411.8071,2319.3972,2287.9512,2374.7812,2337.93
"Wassersteinu, surgical_case_durations    missing_entry    0.5",9662.788,9365.646,9478.986,9673.922,9549.761
"Wassersteinu, surgical_case_durations    missing_entry_combined    0.001",15986.666,15759.524,15972.436,15965.743,15992.229
"Wassersteinu, surgical_case_durations    missing_entry_combined    0.005",16176.419,15921.066,15859.774,15731.703,15930.665
"Wassersteinu, surgical_case_durations    missing_entry_combined    0.01",15977.236,15727.396,15897.956,16204.134,15997.757
"Wassersteinu, surgical_case_durations    missing_entry_combined    0.05",16488.23,16592.877,16431.803,16516.36,16437.352
"Wassersteinu, surgical_case_durations    missing_entry_combined    0.1",17079.623,16978.893,17060.637,17156.91,17158.355
"Wassersteinu, surgical_case_durations    missing_entry_combined    0.5",21600.328,22004.502,21803.076,21757.242,21967.514
"Wasserstein, LBP RA    sigma    0.005",1951.8112,1843.5118,1765.0575,1823.4663,1794.0425
"Wasserstein, LBP RA    sigma    0.01",3266.4797,3393.2866,3446.218,3335.9666,3523.321
"Wasserstein, LBP RA    sigma    0.02",5708.137,5583.28,6078.5,6010.205,6079.587
"Wasserstein, LBP RA    sigma    0.05",8700.613,8563.757,8573.285,8630.694,8407.481
"Wasserstein, LBP RA    sigma    0.1",9584.988,9491.795,9513.59,9591.375,9294.587
"Wasserstein, LBP RA    sigma    0.2",9302.137,9563.905,9392.664,10132.676,9375.697
"Wasserstein, LBP RA    missing_entry    0.001",1536.8713,1292.772,1429.3453,1626.0571,1859.0469
"Wasserstein, LBP RA    missing_entry    0.005",1431.3762,1516.5038,1537.5349,1564.5342,1618.4541
"Wasserstein, LBP RA    missing_entry    0.01",1582.5182,1437.8625,1372.8632,1601.5167,1545.1151
"Wasserstein, LBP RA    missing_entry    0.05",1892.9777,1834.418,1925.4547,2031.7542,1911.684
"Wasserstein, LBP RA    missing_entry    0.1",2378.6729,2188.0728,2287.3179,2469.5203,2373.3455
"Wasserstein, LBP RA    missing_entry    0.5",6071.724,5971.0005,5612.131,5764.6963,5999.489
"Wasserstein, LBP RA    missing_entry_combined    0.001",6093.091,5851.3784,5959.497,5786.5366,5882.8545
"Wasserstein, LBP RA    missing_entry_combined    0.005",5907.774,6032.0435,5803.513,6099.0166,5786.12
"Wasserstein, LBP RA    missing_entry_combined    0.01",6091.6763,5959.383,5944.9707,5832.4453,5932.502
"Wasserstein, LBP RA    missing_entry_combined    0.05",5904.888,6158.244,6331.252,6306.551,6441.4224
"Wasserstein, LBP RA    missing_entry_combined    0.1",6512.287,6532.224,6469.126,6473.639,6621.3027
"Wasserstein, LBP RA    missing_entry_combined    0.5",8717.998,8262.43,8761.974,8466.891,8543.387
"Wassersteinu, LBP RA    sigma    0.005",1639.1843,1649.7981,1658.8494,1638.9689,1659.2501
"Wassersteinu, LBP RA    sigma    0.01",3591.4055,3530.5496,3566.456,3530.5999,3586.161
"Wassersteinu, LBP RA    sigma    0.02",6984.9414,6985.0513,7101.9004,7066.5107,7131.6846
"Wassersteinu, LBP RA    sigma    0.05",11687.849,11593.714,11571.64,11726.511,11737.388
"Wassersteinu, LBP RA    sigma    0.1",13862.074,14089.854,13766.733,13803.786,13721.963
"Wassersteinu, LBP RA    sigma    0.2",14752.178,14774.832,15074.88,14740.669,15017.378
"Wassersteinu, LBP RA    missing_entry    0.001",1294.594,1170.6274,1316.2914,1250.0889,1391.6458
"Wassersteinu, LBP RA    missing_entry    0.005",1274.399,1283.2883,1288.8181,1330.0385,1266.4137
"Wassersteinu, LBP RA    missing_entry    0.01",1443.6862,1271.0739,1289.135,1462.1848,1372.0371
"Wassersteinu, LBP RA    missing_entry    0.05",1613.5667,1592.1858,1649.7029,1627.1016,1657.342
"Wassersteinu, LBP RA    missing_entry    0.1",2099.2595,2008.6877,2054.4656,2153.456,2125.5215
"Wassersteinu, LBP RA    missing_entry    0.5",5320.647,5283.7666,5276.105,5301.171,5270.941
"Wassersteinu, LBP RA    missing_entry_combined    0.001",7047.4697,6914.16,7092.052,7016.549,7002.348
"Wassersteinu, LBP RA    missing_entry_combined    0.005",6997.3623,7075.631,7074.9507,7085.926,7051.9053
"Wassersteinu, LBP RA    missing_entry_combined    0.01",7095.213,7040.7397,6939.158,7036.8193,7051.4795
"Wassersteinu, LBP RA    missing_entry_combined    0.05",7284.9526,7283.344,7244.1333,7227.1045,7208.8784
"Wassersteinu, LBP RA    missing_entry_combined    0.1",7608.85,7451.7627,7519.7505,7477.1035,7478.031
"Wassersteinu, LBP RA    missing_entry_combined    0.5",9913.007,9652.405,9605.035,9700.123,9661.495
"Wasserstein, surgical_case_durations, SD=4    sigma    0.005",2749.8552,2741.5813,2974.6404,3096.614,2907.3867
"Wasserstein, surgical_case_durations, SD=4    sigma    0.01",5268.6436,5132.9697,4789.229,4883.663,5020.784
"Wasserstein, surgical_case_durations, SD=4    sigma    0.02",8166.6187,7727.386,8327.924,7927.5557,8207.773
"Wasserstein, surgical_case_durations, SD=4    sigma    0.05",11537.202,11626.742,11659.831,11409.899,11734.405
"Wasserstein, surgical_case_durations, SD=4    sigma    0.1",14354.046,14820.738,14855.826,14784.467,14823.988
"Wasserstein, surgical_case_durations, SD=4    sigma    0.2",16553.748,16723.984,16680.86,16204.511,16385.016
"Wasserstein, surgical_case_durations, SD=4    missing_entry    0.001",828.0333,1237.4968,1123.1263,1287.6094,1079.0826
"Wasserstein, surgical_case_durations, SD=4    missing_entry    0.005",1089.4747,1102.4318,1297.4471,1302.3324,1153.0552
"Wasserstein, surgical_case_durations, SD=4    missing_entry    0.01",1327.6761,1422.0442,1384.3828,1619.4005,1200.7114
"Wasserstein, surgical_case_durations, SD=4    missing_entry    0.05",2279.578,1955.3556,2455.3828,2208.5938,2119.124
"Wasserstein, surgical_case_durations, SD=4    missing_entry    0.1",3102.8115,3141.1306,3086.1658,3321.2996,3452.3616
"Wasserstein, surgical_case_durations, SD=4    missing_entry    0.5",11845.597,11678.525,11548.206,11358.383,11425.269
"Wasserstein, surgical_case_durations, SD=4    missing_entry_combined    0.001",7946.9883,8164.705,7765.6357,8123.88,8076.056
"Wasserstein, surgical_case_durations, SD=4    missing_entry_combined    0.005",8357.749,8145.29,8108.0327,7887.818,7876.031
"Wasserstein, surgical_case_durations, SD=4    missing_entry_combined    0.01",7991.429,8228.007,8027.3027,7964.902,8010.5903
"Wasserstein, surgical_case_durations, SD=4    missing_entry_combined    0.05",8668.219,8966.238,8666.083,8818.603,8790.058
"Wasserstein, surgical_case_durations, SD=4    missing_entry_combined    0.1",9098.372,9230.145,9048.556,9274.896,9611.241
"Wasserstein, surgical_case_durations, SD=4    missing_entry_combined    0.5",14329.984,14759.067,14131.145,14370.142,14281.36
"Wassersteinu, surgical_case_durations, SD=4    sigma    0.005",3289.0488,3144.0205,3317.1665,3247.1033,3154.1794
"Wassersteinu, surgical_case_durations, SD=4    sigma    0.01",7698.068,7355.7993,7762.3364,7643.9785,7785.4683
"Wassersteinu, surgical_case_durations, SD=4    sigma    0.02",15282.45,15556.977,15652.473,15673.618,15731.516
"Wassersteinu, surgical_case_durations, SD=4    sigma    0.05",27820.557,28399.838,27724.242,27745.979,28054.355
"Wassersteinu, surgical_case_durations, SD=4    sigma    0.1",35039.88,34858.543,34888.76,35357.38,35175.145
"Wassersteinu, surgical_case_durations, SD=4    sigma    0.2",39237.273,39118.23,39222.523,40094.086,39020.684
"Wassersteinu, surgical_case_durations, SD=4    missing_entry    0.001",617.37274,402.22552,510.11124,509.6774,413.89105
"Wassersteinu, surgical_case_durations, SD=4    missing_entry    0.005",570.5653,390.86133,630.2436,727.97797,506.87192
"Wassersteinu, surgical_case_durations, SD=4    missing_entry    0.01",515.2478,488.01584,704.6919,776.9788,511.91885
"Wassersteinu, surgical_case_durations, SD=4    missing_entry    0.05",1349.4966,1324.3772,1273.0997,1440.3273,1197.0126
"Wassersteinu, surgical_case_durations, SD=4    missing_entry    0.1",2346.8079,2026.271,2186.7144,2311.2961,2383.386
"Wassersteinu, surgical_case_durations, SD=4    missing_entry    0.5",10171.975,10262.892,10131.37,10138.032,10093.419
"Wassersteinu, surgical_case_durations, SD=4    missing_entry_combined    0.001",15701.391,15564.673,15656.434,15767.354,15671.423
"Wassersteinu, surgical_case_durations, SD=4    missing_entry_combined    0.005",16076.289,15634.447,15714.866,15271.31,15599.075
"Wassersteinu, surgical_case_durations, SD=4    missing_entry_combined    0.01",15531.899,15946.7705,15392.785,16391.19,15446.031
"Wassersteinu, surgical_case_durations, SD=4    missing_entry_combined    0.05",16281.96,16495.719,16073.127,16732.984,16283.066
"Wassersteinu, surgical_case_durations, SD=4    missing_entry_combined    0.1",17118.184,16875.568,17284.865,17218.66,17018.309
"Wassersteinu, surgical_case_durations, SD=4    missing_entry_combined    0.5",22908.055,22638.037,23120.416,22651.639,22640.574
"Wasserstein, LBP RA, SD=4    sigma    0.005",1934.7938,2118.0115,2087.6252,2117.0894,2019.7969
"Wasserstein, LBP RA, SD=4    sigma    0.01",3615.3467,3870.9717,4086.4954,3898.6257,4117.542
"Wasserstein, LBP RA, SD=4    sigma    0.02",6725.569,6974.7773,7001.035,7106.411,6577.734
"Wasserstein, LBP RA, SD=4    sigma    0.05",9272.846,9553.212,9503.269,9391.427,9798.67
"Wasserstein, LBP RA, SD=4    sigma    0.1",10074.663,10060.841,9928.786,10049.678,9867.034
"Wasserstein, LBP RA, SD=4    sigma    0.2",10110.854,10246.951,10207.9375,9999.716,9878.965
"Wasserstein, LBP RA, SD=4    missing_entry    0.001",1307.4264,1419.3301,1245.6335,1204.8651,1346.3379
"Wasserstein, LBP RA, SD=4    missing_entry    0.005",1362.778,1486.1201,1343.1481,1674.0134,1579.6595
"Wasserstein, LBP RA, SD=4    missing_entry    0.01",1510.959,1353.1532,1423.9327,1527.7682,1662.0162
"Wasserstein, LBP RA, SD=4    missing_entry    0.05",2037.8251,1801.7913,1783.5594,1928.2688,1947.6803
"Wasserstein, LBP RA, SD=4    missing_entry    0.1",2452.5015,2531.5225,2382.1692,2294.589,2278.222
"Wasserstein, LBP RA, SD=4    missing_entry    0.5",6206.9175,6268.3667,6309.2046,6499.8965,6452.4116
"Wasserstein, LBP RA, SD=4    missing_entry_combined    0.001",6736.6284,6907.2275,6738.0693,6940.254,6694.5215
"Wasserstein, LBP RA, SD=4    missing_entry_combined    0.005",6947.8374,6979.255,6934.621,6674.3877,6593.8657
"Wasserstein, LBP RA, SD=4    missing_entry_combined    0.01",6785.7534,7055.9526,7059.448,6850.772,6881.9497
"Wasserstein, LBP RA, SD=4    missing_entry_combined    0.05",6828.06,7066.1426,6952.8477,7304.2363,7053.4536
"Wasserstein, LBP RA, SD=4    missing_entry_combined    0.1",7415.872,7223.2134,7337.5854,7313.9062,7244.6978
"Wasserstein, LBP RA, SD=4    missing_entry_combined    0.5",8690.998,8847.105,8616.502,8621.027,8700.855
"Wassersteinu, LBP RA, SD=4    sigma    0.005",1145.7714,1222.8773,1238.2345,1125.5327,1198.9752
"Wassersteinu, LBP RA, SD=4    sigma    0.01",3293.9844,3375.0928,3404.7395,3328.236,3289.707
"Wassersteinu, LBP RA, SD=4    sigma    0.02",7515.138,7517.909,7445.2456,7486.108,7571.4556
"Wassersteinu, LBP RA, SD=4    sigma    0.05",12417.242,12380.078,12395.936,12774.499,12654.512
"Wassersteinu, LBP RA, SD=4    sigma    0.1",14445.368,14360.081,14392.478,14480.843,14525.912
"Wassersteinu, LBP RA, SD=4    sigma    0.2",15214.731,15155.769,15392.257,15361.496,15373.711
"Wassersteinu, LBP RA, SD=4    missing_entry    0.001",932.48834,1027.9884,958.8639,1246.5347,1055.3417
"Wassersteinu, LBP RA, SD=4    missing_entry    0.005",911.3649,915.7802,1239.3883,1204.7877,1331.68
"Wassersteinu, LBP RA, SD=4    missing_entry    0.01",1111.3916,1289.9176,1175.747,1039.4128,1100.1964
"Wassersteinu, LBP RA, SD=4    missing_entry    0.05",1380.3965,1402.3701,1400.1589,1738.3333,1525.2212
"Wassersteinu, LBP RA, SD=4    missing_entry    0.1",1971.9691,1867.6277,1694.274,1802.0875,1749.8655
"Wassersteinu, LBP RA, SD=4    missing_entry    0.5",5203.0835,5258.487,5194.843,5101.4956,5107.9214
"Wassersteinu, LBP RA, SD=4    missing_entry_combined    0.001",7553.3975,7504.2925,7404.1226,7558.0107,7495.0874
"Wassersteinu, LBP RA, SD=4    missing_entry_combined    0.005",7327.307,7429.8706,7363.348,7550.2656,7466.119
"Wassersteinu, LBP RA, SD=4    missing_entry_combined    0.01",7410.8325,7585.224,7526.0684,7622.259,7548.8467
"Wassersteinu, LBP RA, SD=4    missing_entry_combined    0.05",7685.1934,7752.195,7684.6997,7739.5835,7811.4614
"Wassersteinu, LBP RA, SD=4    missing_entry_combined    0.1",7976.6147,8044.447,8036.404,8001.9062,8014.16
"Wassersteinu, LBP RA, SD=4    missing_entry_combined    0.5",10096.494,10046.432,9966.612,10026.872,10012.088
"Wasserstein, surgical_case_durations, SD=100    sigma    0.005",2921.599,2788.8047,2667.312,2866.9854,3034.656
"Wasserstein, surgical_case_durations, SD=100    sigma    0.01",4040.1445,4122.909,4326.649,4468.484,4099.846
"Wasserstein, surgical_case_durations, SD=100    sigma    0.02",6496.728,6780.4688,6821.2393,6534.47,6942.3374
"Wasserstein, surgical_case_durations, SD=100    sigma    0.05",9866.166,10066.022,9674.924,9797.21,9728.938
"Wasserstein, surgical_case_durations, SD=100    sigma    0.1",12832.007,12674.85,12343.561,12478.096,12650.831
"Wasserstein, surgical_case_durations, SD=100    sigma    0.2",15370.032,14846.938,14944.413,15052.794,15737.314
"Wasserstein, surgical_case_durations, SD=100    missing_entry    0.001",1334.1766,1360.4583,1631.5724,1295.8938,1536.8756
"Wasserstein, surgical_case_durations, SD=100    missing_entry    0.005",1447.6543,1461.1698,1835.5167,1623.8663,1494.9592
"Wasserstein, surgical_case_durations, SD=100    missing_entry    0.01",1557.3337,1800.1989,1411.5764,1627.0226,1508.3671
"Wasserstein, surgical_case_durations, SD=100    missing_entry    0.05",2332.728,2317.0698,1985.3224,2098.5342,2323.9287
"Wasserstein, surgical_case_durations, SD=100    missing_entry    0.1",3184.466,3044.1328,3471.3027,2981.5535,2966.0486
"Wasserstein, surgical_case_durations, SD=100    missing_entry    0.5",10612.257,10376.981,10292.113,10615.64,10399.608
"Wasserstein, surgical_case_durations, SD=100    missing_entry_combined    0.001",6738.2793,6647.6665,6607.3374,6887.6377,6721.6035
"Wasserstein, surgical_case_durations, SD=100    missing_entry_combined    0.005",6842.169,6481.541,6744.368,6848.9785,6773.1875
"Wasserstein, surgical_case_durations, SD=100    missing_entry_combined    0.01",7040.954,7080.2446,6926.334,6767.788,7219.05
"Wasserstein, surgical_case_durations, SD=100    missing_entry_combined    0.05",7408.365,7107.8774,7404.3438,7440.0674,7430.7837
"Wasserstein, surgical_case_durations, SD=100    missing_entry_combined    0.1",8185.5996,8041.792,8189.0684,8141.9673,7927.5156
"Wasserstein, surgical_case_durations, SD=100    missing_entry_combined    0.5",12916.512,12953.394,13120.694,13108.334,12955.581
"Wassersteinu, surgical_case_durations, SD=100    sigma    0.005",4508.243,4565.9873,4526.5264,4605.277,4424.1904
"Wassersteinu, surgical_case_durations, SD=100    sigma    0.01",8941.469,8994.589,9019.825,9052.324,9055.712
"Wassersteinu, surgical_case_durations, SD=100    sigma    0.02",16438.168,16518.748,16412.547,16472.246,16547.861
"Wassersteinu, surgical_case_durations, SD=100    sigma    0.05",27497.22,27086.291,27170.924,27320.95,26934.566
"Wassersteinu, surgical_case_durations, SD=100    sigma    0.1",34437.707,34701.33,33860.117,34220.32,33794.824
"Wassersteinu, surgical_case_durations, SD=100    sigma    0.2",37954.305,38496.82,38272.285,37869.574,38528.395
"Wassersteinu, surgical_case_durations, SD=100    missing_entry    0.001",888.83826,753.8189,854.339,749.4794,917.8972
"Wassersteinu, surgical_case_durations, SD=100    missing_entry    0.005",904.993,871.16547,907.5306,947.57477,1013.2226
"Wassersteinu, surgical_case_durations, SD=100    missing_entry    0.01",1019.96204,1024.3854,1043.2522,1049.9366,1146.7523
"Wassersteinu, surgical_case_durations, SD=100    missing_entry    0.05",1628.1392,1598.2262,1564.2299,1613.5099,1637.8386
"Wassersteinu, surgical_case_durations, SD=100    missing_entry    0.1",2443.8992,2427.2195,2301.3293,2406.243,2575.0967
"Wassersteinu, surgical_case_durations, SD=100    missing_entry    0.5",9324.337,9607.528,9483.022,9530.834,9713.132
"Wassersteinu, surgical_case_durations, SD=100    missing_entry_combined    0.001",16445.26,16462.86,16433.506,16569.514,16410.79
"Wassersteinu, surgical_case_durations, SD=100    missing_entry_combined    0.005",16198.491,16551.805,16771.986,16396.428,16536.12
"Wassersteinu, surgical_case_durations, SD=100    missing_entry_combined    0.01",16484.852,16502.79,16566.777,16662.371,16607.074
"Wassersteinu, surgical_case_durations, SD=100    missing_entry_combined    0.05",16861.28,17067.354,17001.89,16866.559,17015.814
"Wassersteinu, surgical_case_durations, SD=100    missing_entry_combined    0.1",17581.826,17353.625,17632.74,17677.312,17445.191
"Wassersteinu, surgical_case_durations, SD=100    missing_entry_combined    0.5",21751.324,21960.475,22060.105,22246.918,22358.23
"Wasserstein, LBP RA, SD=100    sigma    0.005",2329.6133,2720.1143,2762.5537,2515.8232,2516.75
"Wasserstein, LBP RA, SD=100    sigma    0.01",3792.9485,3755.2012,4252.2754,3876.3694,3895.2947
"Wasserstein, LBP RA, SD=100    sigma    0.02",5784.41,5731.1416,5847.835,5600.412,5618.912
"Wasserstein, LBP RA, SD=100    sigma    0.05",7790.464,7818.8945,7691.454,7655.849,7630.588
"Wasserstein, LBP RA, SD=100    sigma    0.1",8540.422,8373.414,8408.828,8764.343,8629.053
"Wasserstein, LBP RA, SD=100    sigma    0.2",8984.247,9478.956,9180.355,9287.843,9418.594
"Wasserstein, LBP RA, SD=100    missing_entry    0.001",1344.4785,1530.8665,1622.6069,1456.8336,1305.6552
"Wasserstein, LBP RA, SD=100    missing_entry    0.005",1290.3575,1370.3186,1386.2891,1485.985,1565.7117
"Wasserstein, LBP RA, SD=100    missing_entry    0.01",1611.3174,1366.3624,1285.1147,1319.2078,1298.2336
"Wasserstein, LBP RA, SD=100    missing_entry    0.05",1751.9517,1675.7394,1755.075,1756.5093,1798.6713
"Wasserstein, LBP RA, SD=100    missing_entry    0.1",2301.7026,2062.9797,2240.7312,2224.2102,2309.8235
"Wasserstein, LBP RA, SD=100    missing_entry    0.5",6058.7056,6385.153,6076.7886,5929.987,6315.361
"Wasserstein, LBP RA, SD=100    missing_entry_combined    0.001",5617.294,5663.0127,5802.334,5958.509,5855.8364
"Wasserstein, LBP RA, SD=100    missing_entry_combined    0.005",5776.8994,5793.4565,5668.217,5597.463,5517.494
"Wasserstein, LBP RA, SD=100    missing_entry_combined    0.01",5788.197,5638.791,5851.876,5665.6343,5755.291
"Wasserstein, LBP RA, SD=100    missing_entry_combined    0.05",6007.302,5967.688,6094.274,5821.787,6054.0386
"Wasserstein, LBP RA, SD=100    missing_entry_combined    0.1",6159.9043,6234.3984,6317.559,6389.6206,6346.854
"Wasserstein, LBP RA, SD=100    missing_entry_combined    0.5",8767.31,9236.881,8616.1455,8746.039,8377.527
"Wassersteinu, LBP RA, SD=100    sigma    0.005",2016.2422,2027.9664,1990.7324,1991.9492,2027.4812
"Wassersteinu, LBP RA, SD=100    sigma    0.01",4029.6548,3991.9106,3966.005,4051.8494,4033.7754
"Wassersteinu, LBP RA, SD=100    sigma    0.02",7196.415,7241.048,7358.984,7264.8774,7187.423
"Wassersteinu, LBP RA, SD=100    sigma    0.05",11396.278,11199.731,11456.403,11388.131,11432.246
"Wassersteinu, LBP RA, SD=100    sigma    0.1",13521.663,13473.969,13342.57,13525.274,13351.402
"Wassersteinu, LBP RA, SD=100    sigma    0.2",14935.052,14975.242,14703.214,14697.869,15049.833
"Wassersteinu, LBP RA, SD=100    missing_entry    0.001",841.6794,812.11096,812.2574,964.395,998.8531
"Wassersteinu, LBP RA, SD=100    missing_entry    0.005",852.17053,892.3955,859.7483,823.1577,858.16345
"Wassersteinu, LBP RA, SD=100    missing_entry    0.01",1031.0206,865.6667,844.6626,983.7586,831.333
"Wassersteinu, LBP RA, SD=100    missing_entry    0.05",1237.313,1097.3121,1239.3657,1229.2988,1167.2361
"Wassersteinu, LBP RA, SD=100    missing_entry    0.1",1523.57,1656.8856,1582.8162,1603.2349,1517.9144
"Wassersteinu, LBP RA, SD=100    missing_entry    0.5",4957.605,4985.122,5023.3193,4969.9346,5004.826
"Wassersteinu, LBP RA, SD=100    missing_entry_combined    0.001",7232.173,7233.387,7338.9272,7208.8335,7237.664
"Wassersteinu, LBP RA, SD=100    missing_entry_combined    0.005",7241.327,7228.199,7209.4214,7235.2197,7317.8003
"Wassersteinu, LBP RA, SD=100    missing_entry_combined    0.01",7288.6895,7242.457,7312.083,7338.019,7198.983
"Wassersteinu, LBP RA, SD=100    missing_entry_combined    0.05",7550.189,7395.841,7352.6016,7462.481,7494.6997
"Wassersteinu, LBP RA, SD=100    missing_entry_combined    0.1",7659.599,7678.5645,7626.829,7713.839,7730.579
"Wassersteinu, LBP RA, SD=100    missing_entry_combined    0.5",9627.201,9553.126,9683.478,9612.831,9644.449
"JSD, SD=4    training_method    supervised",3421.688,3407.467,3338.5151,3428.151,3345.0825
"JSD, SD=4    training_method    supervised_2_percent",5273.34,5442.9375,5063.6772,5123.4785,5626.836
"JSD, SD=4    training_method    semi",3717.9722,3850.1875,3688.2896,3742.0823,3823.13
"JSD, SD=4    training_method    semi_sup_first",5036.057,5047.907,5125.6133,4980.276,4977.4727
"JSD, SD=4    training_method    semi_mixed",4946.3745,4923.7266,4886.7134,4914.4824,4928.121
"JSD, SD=4    training_method    unsupervised",5025.261,5091.13,5042.7363,4997.316,5100.247
"JSD, SD=4    activation_types    ['relu']",7909.0234,7408.8687,7609.911,6527.212,7764.369
"JSD, SD=4    activation_types    ['relu', 'relu', 'relu', 'relu', 'relu']",3892.3345,3916.8467,3822.7393,3869.9258,3888.669
"JSD, SD=4    activation_types    ['sin', 'cos', 'linear']",3982.7986,3997.631,3903.094,3738.9072,3838.5894
"JSD, SD=4    activation_types    ['sin', 'cos', 'linear', 'relu', 'sigmoid']",3811.7307,3769.1133,3842.9937,3818.3184,3772.213
"JSD, SD=4    input_layer_type    dense",4331.2446,4065.3774,3948.142,4463.145,4219.984
"JSD, SD=4    input_layer_type    gaussian_dropout",4218.757,4058.7573,4173.77,4173.0254,4388.0854
"JSD, SD=4    input_layer_type    sqrt_softmax",3851.9302,3929.985,3875.8657,3855.4133,4108.437
"JSD, SD=4    input_layer_type    gaussian_kernel",4174.172,4428.791,4265.751,4051.2979,4081.0728
"JSD, SD=4    input_layer_type    CNN",4597.586,4473.162,4499.0347,4491.868,4515.3716
"JSD, SD=4    input_layer_type    VAE",10780.551,10839.328,10758.877,10811.375,10762.811
"JSD, SD=4    encoding_dim    2",3936.5925,3913.8123,3779.1484,3772.5332,3775.9336
"JSD, SD=4    encoding_dim    3",3735.0068,3701.1943,3720.644,3891.0928,3703.193
"JSD, SD=4    encoding_dim    6",3689.1653,3782.7495,3632.9258,3663.8472,3671.2747
"JSD, SD=4    hidden_layers    5",3691.2615,3655.8599,3615.7295,3721.309,3764.2832
"JSD, SD=4    hidden_layers    7",3929.2026,3968.9014,3939.091,3885.433,3780.9116
"JSD, SD=4    hidden_layers    9",4002.1853,3898.6494,4063.0115,3969.9546,3992.063
"JSD, SD=4    hidden_layers    27",4565.672,4809.1807,4481.948,4591.762,4832.535
"JSD, SD=4    activity_regularizer    ",3806.1187,3771.644,3792.9443,3783.1665,3783.52
"JSD, SD=4    activity_regularizer    L2, 0.01",3816.9922,3861.3215,3946.827,3892.865,3988.8606
"JSD, SD=4    activity_regularizer    L1, 0.01",4067.1184,3760.5142,4057.3003,3850.2651,3846.3018
"JSD, SD=4    activity_regularizer    L1, 10^-4",3792.805,3938.4644,3701.7144,3685.9578,3828.8523
"JSD, SD=4    sigma    0.005",25.227695,21.651566,22.751966,20.85442,22.453777
"JSD, SD=4    sigma    0.01",361.16473,389.38635,346.8025,338.74756,415.9613
"JSD, SD=4    sigma    0.05",9470.357,9467.59,9439.085,9404.812,9426.126
"JSD, SD=4    sigma    0.1",10553.846,10477.669,10627.408,10607.295,10580.836
"JSD, SD=4    sigma    0.2",11000.042,10845.498,10948.343,10918.822,10833.311
"JSD, SD=4    BN_size    2",2624.3254,2590.3062,2641.4285,2439.0017,2647.7688
"JSD, SD=4    BN_size    4",5019.1543,5044.0117,4902.977,5014.961,5124.0103
"JSD, SD=4    BN_size    5",6511.174,6355.536,6417.2124,6333.4004,6370.423
"JSD, SD=4    BN_size    10",13283.657,13643.837,13476.91,13207.345,13068.158
"JSD, SD=4    BN_size    20",30752.557,30638.297,30880.104,30570.83,29995.688
"JSD, SD=4    BN_size    30",51956.08,51228.863,51126.82,51008.188,51344.508
"JSD, SD=4    labeled_data_percentage    99",3403.7056,3424.8276,3515.2646,3381.339,3376.9287
"JSD, SD=4    labeled_data_percentage    50",3367.8682,3423.1665,3399.1367,3458.3972,3400.363
"JSD, SD=4    labeled_data_percentage    20",3444.9014,3415.8516,3446.9207,3454.648,3512.6758
"JSD, SD=4    labeled_data_percentage    10",3512.23,3494.3423,3479.579,3481.227,3526.8486
"JSD, SD=4    labeled_data_percentage    5",3566.7588,3502.1274,3618.7368,3499.8794,3493.876
"JSD, SD=4    labeled_data_percentage    1",4061.4512,4189.8896,4290.4985,3915.1533,3909.6558
"JSD, SD=4    labeled_data_percentage    0.5",4701.432,4306.1787,4443.928,4392.8726,4915.28
"JSD, SD=4    labeled_data_percentage    0.25",4814.09,5114.547,5396.6377,4952.935,5647.0693
"JSD, SD=4    labeled_data_percentage    0.125",6111.3154,7833.8003,6300.8237,5629.458,5595.332
"JSD, SD=4    labeled_data_percentage    0.05",7607.646,7141.441,9169.131,8368.928,7306.5312
"JSD, SD=4    labeled_data_percentage    0.01",11919.77,9837.743,12840.824,13551.978,11820.256
"JSD, SD=4    sampling_density    15",908.9723,1394.8997,897.06506,1299.2664,951.5031
"JSD, SD=4    sampling_density    25",407.36163,415.29993,396.31885,368.8418,347.24237
"JSD, SD=4    sampling_density    50",448.2213,461.17346,449.66956,389.7466,550.5761
"JSD, SD=4    sampling_density    100",860.40704,700.6029,1119.8584,839.6461,854.178
"JSD, SD=4    sampling_density    150",2183.5635,2293.3867,2490.3538,2253.667,2153.3916
"JSD, SD=4    sampling_density    300",3972.367,3280.139,3488.82,3513.2559,3562.5068
"JSD, SD=4    gaussian_noise_sigma    lambda SD, 0.01",4083.9893,4144.227,4309.5615,4070.5938,4204.5435
"JSD, SD=4    gaussian_noise_sigma    lambda SD, 0.02",3805.8354,4172.5586,4210.7607,3954.3608,3878.6372
"JSD, SD=4    gaussian_noise_sigma    lambda SD, 0.05",3809.0425,3994.861,3869.1309,3961.7249,3933.2275
"JSD, SD=4    gaussian_noise_sigma    lambda SD, 0.1",3831.573,3771.2544,3626.282,3817.12,3731.9429
"JSD, SD=4    gaussian_noise_sigma    lambda SD, 0.2",3579.1514,3574.1406,3809.0215,3623.8716,3861.1226
"JSD, SD=4    gaussian_noise_sigma    lambda SD, (0.01 over SD) cdot 100",3634.086,3879.5344,3701.0781,3760.177,3799.0725
"JSD, SD=4    gaussian_noise_sigma    lambda SD, (0.02 over SD) cdot 100",5558.345,5221.249,5350.2275,5606.4224,5246.507
"JSD, SD=4    gaussian_noise_sigma    lambda SD, (0.05 over SD) cdot 100",9525.771,9691.128,9298.717,9312.4,9409.652
"JSD, SD=4    gaussian_noise_sigma    lambda SD, (0.1 over SD) cdot 100",10418.432,10488.034,10393.602,10461.538,10436.984
"JSD, SD=4    gaussian_noise_sigma    lambda SD, (0.2 over SD) cdot 100",10719.548,10637.184,10708.285,10756.573,10770.853
"JSD, SD=4    missing_entry    0.001",10.824703,9.785703,9.664667,9.640434,9.96377
"JSD, SD=4    missing_entry    0.005",56.29473,46.42407,55.42211,53.28907,54.455143
"JSD, SD=4    missing_entry    0.01",104.41737,101.12079,104.08338,105.79883,112.849365
"JSD, SD=4    missing_entry    0.05",550.42316,563.90686,563.7992,543.6084,586.48035
"JSD, SD=4    missing_entry    0.1",1152.6599,1096.9174,1132.7937,1137.4285,1120.2557
"JSD, SD=4    missing_entry    0.5",5615.712,5918.591,5437.965,5418.741,5626.724
"JSD, SD=4    missing_entry_combined    0.001",3835.116,3809.4844,3702.9736,3795.9504,3803.0752
"JSD, SD=4    missing_entry_combined    0.005",3917.5205,3806.8613,3784.2114,3659.1277,3854.3835
"JSD, SD=4    missing_entry_combined    0.01",3973.729,3766.8967,3996.732,3883.5693,3876.579
"JSD, SD=4    missing_entry_combined    0.05",4144.1406,4152.619,4304.1533,4037.5293,4021.7214
"JSD, SD=4    missing_entry_combined    0.1",4478.91,4513.5493,4696.073,4484.6016,4850.3267
"JSD, SD=4    missing_entry_combined    0.5",7946.139,7680.0327,7875.851,7726.6133,7711.211
"JSD, SD=4    missing_entry_no_denoising    0.001",9.587471,28.620823,12.027878,15.368371,44.885468
"JSD, SD=4    missing_entry_no_denoising    0.005",71.38782,72.93344,188.77596,60.456116,80.270515
"JSD, SD=4    missing_entry_no_denoising    0.01",160.35895,138.23447,151.09532,168.95178,147.96979
"JSD, SD=4    missing_entry_no_denoising    0.05",711.61646,717.2772,717.7706,665.85815,647.8677
"JSD, SD=4    missing_entry_no_denoising    0.1",1338.6584,1445.3787,1328.7457,1362.6782,1330.6106
"JSD, SD=4    missing_entry_no_denoising    0.5",6690.835,6290.7344,6893.332,6510.754,6392.376
"JSD, SD=4    rows    100",104.94089,103.117836,102.0129,104.57054,103.90405
"JSD, SD=4    rows    1000",519.5164,642.37573,546.5238,590.2383,507.0191
"JSD, SD=4    rows    100000",34511.133,34114.086,34442.48,34428.5,34420.63
"JSD, SD=4    rows    1000000",338762.38,342231.9,340675.62,341031.88,342752.62
"JSDu, SD=4    activation_types    ['relu']",8491.492,7748.0615,8542.92,7617.663,9505.96
"JSDu, SD=4    activation_types    ['relu', 'relu', 'relu', 'relu', 'relu']",5108.9414,5098.292,5123.773,5027.547,5192.043
"JSDu, SD=4    activation_types    ['sin', 'cos', 'linear']",5066.5693,5098.7114,5084.912,5081.993,5158.123
"JSDu, SD=4    activation_types    ['sin', 'cos', 'linear', 'relu', 'sigmoid']",5125.1255,5138.4033,5066.7197,5039.9053,5021.2515
"JSDu, SD=4    input_layer_type    dense",5049.7705,5084.1323,5117.4053,5064.267,5087.734
"JSDu, SD=4    input_layer_type    gaussian_dropout",5143.8936,5145.9775,5079.8975,5094.8394,5105.1606
"JSDu, SD=4    input_layer_type    sqrt_softmax",4970.001,4842.91,4881.7573,4896.7393,4900.065
"JSDu, SD=4    input_layer_type    gaussian_kernel",5149.629,5222.134,5170.112,5226.6113,5135.8135
"JSDu, SD=4    input_layer_type    CNN",5289.9443,5166.8896,5165.931,5179.012,5193.121
"JSDu, SD=4    input_layer_type    VAE",11006.694,11033.045,11012.914,11008.349,11028.835
"JSDu, SD=4    encoding_dim    2",5073.7266,5061.2554,5107.9976,5048.672,5019.017
"JSDu, SD=4    encoding_dim    3",5099.0312,5075.3877,5021.0884,5017.7754,5014.1787
"JSDu, SD=4    encoding_dim    6",4939.9014,4996.1763,4979.7617,5081.2197,5026.1445
"JSDu, SD=4    hidden_layers    5",4992.2324,4953.8823,5073.0127,4977.6553,5077.366
"JSDu, SD=4    hidden_layers    7",4985.7144,4940.418,4987.824,5026.576,4981.3633
"JSDu, SD=4    hidden_layers    9",5032.7515,5008.999,5148.674,5190.2676,5012.9966
"JSDu, SD=4    hidden_layers    27",5265.448,5428.219,5073.347,4968.177,5336.9805
"JSDu, SD=4    activity_regularizer    ",5056.175,5009.25,4988.63,4922.5205,4999.725
"JSDu, SD=4    activity_regularizer    L2, 0.01",5220.3076,5197.5596,5186.678,5251.0605,5286.8916
"JSDu, SD=4    activity_regularizer    L1, 0.01",5393.3467,5201.6953,5269.3486,5177.873,5266.9917
"JSDu, SD=4    activity_regularizer    L1, 10^-4",5018.1895,4953.3164,5040.145,4995.927,4992.0244
"JSDu, SD=4    sigma    0.005",460.57465,441.0113,492.78027,513.8556,477.16977
"JSDu, SD=4    sigma    0.01",1783.0494,1742.4294,1714.3809,1795.6683,1759.4642
"JSDu, SD=4    sigma    0.05",9621.434,9584.6,9526.145,9590.046,9648.519
"JSDu, SD=4    sigma    0.1",11303.803,11211.662,11333.371,11299.541,11299.646
"JSDu, SD=4    sigma    0.2",12076.662,12142.25,12081.809,12056.701,12126.568
"JSDu, SD=4    BN_size    2",3373.4207,3460.9512,3387.6987,3362.309,3367.4917
"JSDu, SD=4    BN_size    4",6723.1934,6624.627,6574.7236,6640.5283,6710.1836
"JSDu, SD=4    BN_size    5",8292.278,8373.825,8302.577,8257.274,8293.963
"JSDu, SD=4    BN_size    10",16504.611,16344.639,16350.235,16374.32,16502.797
"JSDu, SD=4    BN_size    20",32696.86,33084.125,32540.941,32656.496,32512.412
"JSDu, SD=4    BN_size    30",48917.22,49285.473,49029.914,48839.887,49170.523
"JSDu, SD=4    sampling_density    15",3695.8198,3840.8628,3818.9734,3853.6033,3819.294
"JSDu, SD=4    sampling_density    25",2039.9392,2088.1685,2127.8335,2042.3804,2085.1323
"JSDu, SD=4    sampling_density    50",1813.7539,1852.2981,1832.0219,1889.5105,1852.3445
"JSDu, SD=4    sampling_density    100",1964.816,1892.3517,1968.7571,1918.962,1985.9531,1605.6997,1810.4128
"JSDu, SD=4    sampling_density    150",3224.287,3297.5059,3532.314,3281.1438,3031.1287
"JSDu, SD=4    sampling_density    300",4091.4705,4144.942,3586.4998,4039.6636,3933.3633
"JSDu, SD=4    gaussian_noise_sigma    lambda SD, 0.01",5062.7285,5025.622,5095.7817,5079.292,5077.489
"JSDu, SD=4    gaussian_noise_sigma    lambda SD, 0.02",5077.7695,5096.6343,5087.237,5099.707,5093.8086
"JSDu, SD=4    gaussian_noise_sigma    lambda SD, 0.05",5033.286,4952.467,4994.6587,5030.7256,5082.442
"JSDu, SD=4    gaussian_noise_sigma    lambda SD, 0.1",4876.414,4729.5845,4740.3936,4760.438,4728.725
"JSDu, SD=4    gaussian_noise_sigma    lambda SD, 0.2",4803.7476,4877.6504,4856.498,4848.9067,4795.465
"JSDu, SD=4    gaussian_noise_sigma    lambda SD, (0.01 over SD) cdot 100",5031.406,5023.6772,5059.8906,5036.2207,5039.198
"JSDu, SD=4    gaussian_noise_sigma    lambda SD, (0.02 over SD) cdot 100",7020.7935,7106.4736,7058.497,7068.3926,7046.241
"JSDu, SD=4    gaussian_noise_sigma    lambda SD, (0.05 over SD) cdot 100",10142.5,10149.143,10109.169,10168.422,10086.917
"JSDu, SD=4    gaussian_noise_sigma    lambda SD, (0.1 over SD) cdot 100",10815.537,10804.496,10828.586,10798.754,10783.176
"JSDu, SD=4    gaussian_noise_sigma    lambda SD, (0.2 over SD) cdot 100",10988.137,10983.253,10961.598,10993.439,10983.622
"JSDu, SD=4    missing_entry    0.001",8.7862835,11.899374,8.830584,11.526967,9.918386
"JSDu, SD=4    missing_entry    0.005",49.92859,52.60817,52.438263,55.930534,47.307507
"JSDu, SD=4    missing_entry    0.01",99.986984,100.41774,98.8454,96.99545,94.25324
"JSDu, SD=4    missing_entry    0.05",524.12195,508.22345,545.287,514.8061,523.1737
"JSDu, SD=4    missing_entry    0.1",1083.9094,1001.5924,1007.1564,1073.0463,1023.16144
"JSDu, SD=4    missing_entry    0.5",5444.751,5597.6396,5523.151,5416.9326,5559.2
"JSDu, SD=4    missing_entry_combined    0.001",4987.1133,5001.3647,5020.604,5016.792,5089.428
"JSDu, SD=4    missing_entry_combined    0.005",5071.206,5053.503,5033.296,5079.33,5050.409
"JSDu, SD=4    missing_entry_combined    0.01",5067.614,5067.0664,5036.879,5116.677,5106.337
"JSDu, SD=4    missing_entry_combined    0.05",5366.5303,5293.752,5311.3125,5373.1016,5319.1504
"JSDu, SD=4    missing_entry_combined    0.1",5677.877,5635.615,5684.409,5624.0005,5684.044
"JSDu, SD=4    missing_entry_combined    0.5",8143.7534,8104.9087,8073.264,8134.3154,8172.015
"JSDu, SD=4    missing_entry_no_denoising    0.001",15.088725,13.629837,12.525896,11.216228,12.3978615
"JSDu, SD=4    missing_entry_no_denoising    0.005",63.020657,66.23392,62.74205,72.74811,81.74848
"JSDu, SD=4    missing_entry_no_denoising    0.01",116.06311,148.5586,122.0772,112.55677,119.96399
"JSDu, SD=4    missing_entry_no_denoising    0.05",703.1614,692.08813,564.1622,586.5654,693.9061
"JSDu, SD=4    missing_entry_no_denoising    0.1",1182.9493,1085.7883,1132.6439,1290.4136,1116.8203
"JSDu, SD=4    missing_entry_no_denoising    0.5",5703.213,5964.3984,5496.9126,5660.9966,5722.8936
"JSDu, SD=4    rows    100",77.69635,66.55667,69.448654,72.896965,66.120056
"JSDu, SD=4    rows    1000",491.67517,510.248,508.87073,504.85284,508.81946
"JSDu, SD=4    rows    100000",50301.9,50595.164,50420.703,49865.36,49957.32
"JSDu, SD=4    rows    1000000",511492.25,502818.16,501872.88,504915.3,504770.38
"Wasserstein, SD=100    training_method    supervised",861.4406,718.94543,788.09015,966.0074,831.37537
"Wasserstein, SD=100    training_method    supervised_2_percent",3213.321,3098.891,3099.518,3207.6484,3041.4927
"Wasserstein, SD=100    training_method    semi",297.7127,307.80856,326.84592,339.8339,339.29318
"Wasserstein, SD=100    training_method    semi_sup_first",3125.7012,3154.8538,3119.0898,3144.6611,3144.5127
"Wasserstein, SD=100    training_method    semi_mixed",2696.2004,2738.0054,2673.046,2634.1475,2708.6646
"Wasserstein, SD=100    training_method    unsupervised",3125.3262,3103.1067,3094.7207,3120.903,3107.7815
"Wasserstein, SD=100    activation_types    ['relu']",1148.6224,991.3579,989.06104,997.68286,948.85077
"Wasserstein, SD=100    activation_types    ['relu', 'relu', 'relu', 'relu', 'relu']",255.5555,256.90607,245.49728,237.43402,273.42984
"Wasserstein, SD=100    activation_types    ['sin', 'cos', 'linear']",496.305,500.7218,490.48398,520.5199,467.60327
"Wasserstein, SD=100    activation_types    ['sin', 'cos', 'linear', 'relu', 'sigmoid']",305.76294,289.62677,298.7868,310.18585,298.50183
"Wasserstein, SD=100    input_layer_type    dense",317.4965,316.51343,331.5028,333.13037,305.63632
"Wasserstein, SD=100    input_layer_type    gaussian_dropout",325.73544,313.95297,322.3312,345.11206,346.5337
"Wasserstein, SD=100    input_layer_type    sqrt_softmax",2527.2542,1902.5334,2106.7192,2289.1042,2031.8285
"Wasserstein, SD=100    input_layer_type    gaussian_kernel",378.72998,400.56296,394.09317,391.18066,376.87122
"Wasserstein, SD=100    input_layer_type    CNN",273.8071,253.06857,268.47644,267.86078,249.63412
"Wasserstein, SD=100    input_layer_type    VAE",4333.9863,4343.0005,4323.0186,4312.0356,4368.904
"Wasserstein, SD=100    encoding_dim    2",402.9172,381.29193,468.26266,490.94266,414.0525
"Wasserstein, SD=100    encoding_dim    3",301.058,306.88727,299.75833,315.63095,299.3219
"Wasserstein, SD=100    encoding_dim    6",250.95743,236.00659,246.88245,244.63025,230.32547
"Wasserstein, SD=100    hidden_layers    5",400.40158,398.9876,411.66406,402.47046,453.68488
"Wasserstein, SD=100    hidden_layers    7",2028.1927,503.02008,813.9283,1281.2859,365.39062
"Wasserstein, SD=100    hidden_layers    9",1227.188,3308.9321,3453.474,4140.433,3726.9387
"Wasserstein, SD=100    hidden_layers    27",0.0,0.0,0.0,0.0,0.0
"Wasserstein, SD=100    activity_regularizer    ",297.74863,310.5358,289.32956,270.3543,298.47858
"Wasserstein, SD=100    activity_regularizer    L2, 0.01",679.0049,658.7787,669.2947,643.3556,661.68915
"Wasserstein, SD=100    activity_regularizer    L1, 0.01",1132.2933,1085.405,1212.3894,1083.673,1141.7637
"Wasserstein, SD=100    activity_regularizer    L1, 10^-4",341.994,345.3064,310.36377,297.08685,341.9579
"Wasserstein, SD=100    sigma    0.005",223.48856,220.03902,221.2398,222.02814,220.01074
"Wasserstein, SD=100    sigma    0.01",223.94548,230.6403,249.8462,237.20984,214.36346
"Wasserstein, SD=100    sigma    0.05",676.9736,662.5461,661.7583,616.4343,653.0591
"Wasserstein, SD=100    sigma    0.1",1767.6936,1819.7444,1773.0859,1777.9127,1754.1594
"Wasserstein, SD=100    sigma    0.2",3636.98,3676.0417,3881.749,3892.0427,3704.6895
"Wasserstein, SD=100    BN_size    2",170.13647,164.45699,169.42685,183.08714,168.34517
"Wasserstein, SD=100    BN_size    4",466.86035,535.8313,463.61932,472.39618,454.5973
"Wasserstein, SD=100    BN_size    5",636.64496,637.30035,679.103,596.87836,665.458
"Wasserstein, SD=100    BN_size    10",1833.0363,1844.5045,1862.0071,1907.2709,1925.0282
"Wasserstein, SD=100    BN_size    20",5852.03,5832.1475,5677.844,5897.8877,5915.8257
"Wasserstein, SD=100    BN_size    30",10871.134,10609.082,10364.677,11929.397,11281.359
"Wasserstein, SD=100    labeled_data_percentage    99",847.735,939.6282,772.63153,859.1632,929.1449
"Wasserstein, SD=100    labeled_data_percentage    50",163.07654,149.56924,157.4792,157.49323,157.18292
"Wasserstein, SD=100    labeled_data_percentage    20",148.96603,161.52052,156.34723,149.69737,152.62885
"Wasserstein, SD=100    labeled_data_percentage    10",175.81012,187.84543,192.61911,188.19429,190.07986
"Wasserstein, SD=100    labeled_data_percentage    5",225.09517,214.59732,243.86377,252.67279,225.74565
"Wasserstein, SD=100    labeled_data_percentage    1",417.9793,459.49185,423.31366,482.8411,412.8911
"Wasserstein, SD=100    labeled_data_percentage    0.5",758.6471,699.5603,704.8455,775.76624,890.02185
"Wasserstein, SD=100    labeled_data_percentage    0.25",1138.7252,1258.9613,1250.7395,1275.24,1391.2942
"Wasserstein, SD=100    labeled_data_percentage    0.125",1753.7722,1652.3372,2037.188,1713.5479,1965.1868
"Wasserstein, SD=100    labeled_data_percentage    0.05",2100.0146,2479.8022,2497.986,2266.9624,2302.8848
"Wasserstein, SD=100    labeled_data_percentage    0.01",4205.677,3197.588,3111.8062,3058.9155,3893.459
"Wasserstein, SD=100    sampling_density    4",3845.6208,3808.583,3777.6338,3824.291,3853.329
"Wasserstein, SD=100    sampling_density    15",1142.2844,954.8968,852.2788,1254.0122,881.2407
"Wasserstein, SD=100    sampling_density    25",318.90665,369.21115,320.65518,282.13837,313.60052
"Wasserstein, SD=100    sampling_density    50",345.32214,336.66162,365.59106,313.92157,311.76215
"Wasserstein, SD=100    sampling_density    150",301.6353,326.8118,289.2884,285.15268,283.66608
"Wasserstein, SD=100    sampling_density    300",291.1597,323.57306,302.89575,321.06543,324.3792
"Wasserstein, SD=100    gaussian_noise_sigma    lambda SD, 0.01",326.7445,289.16254,315.13245,327.34735,301.35092
"Wasserstein, SD=100    gaussian_noise_sigma    lambda SD, 0.02",296.60477,285.72208,312.00055,292.41626,293.31146
"Wasserstein, SD=100    gaussian_noise_sigma    lambda SD, 0.05",457.37643,505.7427,416.7182,465.78223,426.58667
"Wasserstein, SD=100    gaussian_noise_sigma    lambda SD, 0.1",1268.1416,1548.3062,1453.0364,1459.0822,1328.5542
"Wasserstein, SD=100    gaussian_noise_sigma    lambda SD, 0.2",3968.9634,3727.4585,3884.9248,3695.8804,3955.332
"Wasserstein, SD=100    gaussian_noise_sigma    lambda SD, (0.01 over SD) cdot 100",298.89056,312.12973,317.72336,298.57285,322.89648
"Wasserstein, SD=100    gaussian_noise_sigma    lambda SD, (0.02 over SD) cdot 100",295.3385,292.0116,294.22513,273.6068,282.81268
"Wasserstein, SD=100    gaussian_noise_sigma    lambda SD, (0.05 over SD) cdot 100",468.0029,473.2055,469.65134,453.04102,473.56763
"Wasserstein, SD=100    gaussian_noise_sigma    lambda SD, (0.1 over SD) cdot 100",1288.5344,1394.8948,1293.7677,1340.4707,1470.6829
"Wasserstein, SD=100    gaussian_noise_sigma    lambda SD, (0.2 over SD) cdot 100",3959.6235,4084.1277,3964.662,3859.5032,3790.837
"Wasserstein, SD=100    missing_entry    0.001",1032.8618,959.8614,933.114,973.8148,948.3391
"Wasserstein, SD=100    missing_entry    0.005",927.2699,845.2129,936.56354,962.8973,1028.0327
"Wasserstein, SD=100    missing_entry    0.01",1065.355,878.954,987.19324,1005.4839,1042.8937
"Wasserstein, SD=100    missing_entry    0.05",955.46344,1117.7839,1106.2319,1265.3716,1113.1163
"Wasserstein, SD=100    missing_entry    0.1",1537.1824,1524.7345,1782.3999,1242.2205,1298.5728
"Wasserstein, SD=100    missing_entry    0.5",2827.9146,2723.4514,2870.4246,2897.8645,2845.3838
"Wasserstein, SD=100    missing_entry_combined    0.001",321.70804,340.27466,323.24887,290.18625,339.14792
"Wasserstein, SD=100    missing_entry_combined    0.005",325.73026,310.34863,338.3572,333.6217,334.82507
"Wasserstein, SD=100    missing_entry_combined    0.01",365.5264,360.09326,356.3432,332.5749,370.80283
"Wasserstein, SD=100    missing_entry_combined    0.05",650.5401,658.06866,632.91785,630.1159,605.1839
"Wasserstein, SD=100    missing_entry_combined    0.1",1074.8997,959.1682,1018.38965,1122.3215,1040.7905
"Wasserstein, SD=100    missing_entry_combined    0.5",3079.9219,2908.8523,2842.0056,2948.63,3001.082
"Wasserstein, SD=100    missing_entry_no_denoising    0.001",1008.6732,1171.992,1106.082,890.45276,955.03723
"Wasserstein, SD=100    missing_entry_no_denoising    0.005",820.956,847.9123,988.66003,1157.3036,1077.6519
"Wasserstein, SD=100    missing_entry_no_denoising    0.01",1051.6554,1050.5813,1005.0371,1014.37146,987.56
"Wasserstein, SD=100    missing_entry_no_denoising    0.05",1121.2423,1271.3857,1236.4883,1184.122,1117.738
"Wasserstein, SD=100    missing_entry_no_denoising    0.1",1328.0083,1300.2051,1200.6665,1309.8202,1484.105
"Wasserstein, SD=100    missing_entry_no_denoising    0.5",2628.894,2588.9214,2633.0347,2793.936,2838.0503
"Wasserstein, SD=100    rows    100",72.68053,35.333923,42.47524,46.07386,43.52266
"Wasserstein, SD=100    rows    1000",131.70749,144.02054,152.28961,134.91452,153.0694
"Wasserstein, SD=100    rows    100000",1137.1794,1123.804,1071.3531,1124.5491,1141.1536
"Wasserstein, SD=100    rows    1000000",7871.6855,8925.455,7977.8545,8502.069,8561.428
"JSD, SD=100    training_method    supervised",75.32051,23.411987,12.644689,57.16889,11.339505
"JSD, SD=100    training_method    supervised_2_percent",4181.705,4228.13,4243.209,4131.2603,4152.455
"JSD, SD=100    training_method    semi_sup_first",1860.4264,1867.1118,1984.8085,1912.1088,1964.2666
"JSD, SD=100    training_method    semi_mixed",1900.7297,1648.112,1487.3193,1746.6938,1379.8704
"JSD, SD=100    activation_types    ['relu']",4942.7314,4792.4233,4813.132,4767.747,5274.6313
"JSD, SD=100    activation_types    ['relu', 'relu', 'relu', 'relu', 'relu']",966.68646,877.9474,1279.9635,915.1615,1011.2069
"JSD, SD=100    activation_types    ['sin', 'cos', 'linear']",2564.3008,2627.0237,2717.5222,2529.5847,2547.5942
"JSD, SD=100    activation_types    ['sin', 'cos', 'linear', 'relu', 'sigmoid']",2114.3625,1123.5894,1168.8528,1278.9889,2147.4978
"JSD, SD=100    input_layer_type    dense",1027.9742,1099.2026,940.31885,953.0982,996.2401
"JSD, SD=100    input_layer_type    gaussian_dropout",1019.2058,944.2147,825.394,1268.9219,937.12024
"JSD, SD=100    input_layer_type    sqrt_softmax",4267.875,4008.6626,4143.213,4301.4043,4142.407
"JSD, SD=100    input_layer_type    gaussian_kernel",1981.223,1659.8727,2139.77,2004.8237,2190.5632
"JSD, SD=100    input_layer_type    CNN",693.16174,712.0488,747.58563,717.94836,832.8063
"JSD, SD=100    input_layer_type    VAE",5124.402,5144.9033,5325.076,5238.034,5170.2354
"JSD, SD=100    encoding_dim    2",2617.529,2724.9597,2692.0796,2832.9985,2821.11
"JSD, SD=100    encoding_dim    3",977.09546,894.8616,1075.2008,843.21216,831.709
"JSD, SD=100    encoding_dim    6",432.14453,389.63065,416.1033,399.74173,424.99008
"JSD, SD=100    hidden_layers    5",890.52185,767.40674,652.71484,663.9721,662.6034
"JSD, SD=100    hidden_layers    7",3484.0327,3547.8628,3764.5088,3263.019,3418.4395
"JSD, SD=100    hidden_layers    9",5541.4033,5523.7676,5253.352,5551.008,5257.463
"JSD, SD=100    hidden_layers    27",0.0,0.0,0.0,0.0,0.0
"JSD, SD=100    activity_regularizer    ",1242.4075,1014.1018,1210.1843,1074.0492,1017.2781
"JSD, SD=100    activity_regularizer    L2, 0.01",3320.9402,3163.644,3037.251,3289.3179,3023.233
"JSD, SD=100    activity_regularizer    L1, 0.01",3839.8074,3748.7178,3952.841,3992.488,3778.8213
"JSD, SD=100    activity_regularizer    L1, 10^-4",856.4281,897.4525,737.813,714.71045,816.86975
"JSD, SD=100    sigma    0.005",79.3811,76.36191,71.9142,79.327255,63.247673
"JSD, SD=100    sigma    0.01",226.81754,289.13364,279.10135,246.5288,243.50677
"JSD, SD=100    sigma    0.05",2736.3906,2937.3906,2919.2505,2790.2114,2818.89
"JSD, SD=100    sigma    0.1",3872.2627,3907.3213,3846.1602,3949.9336,4050.0112
"JSD, SD=100    sigma    0.2",5013.367,4972.584,5265.124,4991.082,4886.21
"JSD, SD=100    BN_size    2",294.45825,506.4181,490.7779,462.96475,376.74756
"JSD, SD=100    BN_size    4",1796.4719,1287.2202,1265.8699,1805.9148,1609.797
"JSD, SD=100    BN_size    5",2415.7495,2598.5522,1607.1664,2707.7646,2191.2913
"JSD, SD=100    BN_size    10",5953.579,5528.4336,5796.03,5578.39,5732.4775
"JSD, SD=100    BN_size    20",14092.453,14466.464,14507.871,14637.164,14095.852
"JSD, SD=100    BN_size    30",26929.193,26741.156,28241.684,26328.46,27158.83
"JSD, SD=100    labeled_data_percentage    99",6.965469,24.323061,28.076397,41.869614,12.633869
"JSD, SD=100    labeled_data_percentage    50",124.30681,122.31342,81.18559,131.35721,112.2199
"JSD, SD=100    labeled_data_percentage    20",180.96286,152.54012,241.07536,140.38556,203.17603
"JSD, SD=100    labeled_data_percentage    10",378.2705,320.9785,313.98502,414.37524,490.65912
"JSD, SD=100    labeled_data_percentage    5",391.54886,1235.2458,465.16214,1247.801,567.5599
"JSD, SD=100    labeled_data_percentage    1",1698.7405,1160.2648,1167.2323,1333.8438,1256.3903
"JSD, SD=100    labeled_data_percentage    0.5",1562.2727,1966.4144,1529.8555,1539.9407,2052.0642
"JSD, SD=100    labeled_data_percentage    0.25",1983.7354,2440.5625,2989.7017,2633.3428,2062.0684
"JSD, SD=100    labeled_data_percentage    0.125",2351.682,3118.8188,3074.9595,3123.4854,3045.7192
"JSD, SD=100    labeled_data_percentage    0.05",3398.9043,3975.9058,3169.9268,2715.4722,2857.2744
"JSD, SD=100    labeled_data_percentage    0.01",3290.6704,4822.395,4176.5244,4021.7417,4343.1763
"JSD, SD=100    gaussian_noise_sigma    lambda SD, 0.01",1117.1921,1583.2538,758.31616,904.20447,805.4485
"JSD, SD=100    gaussian_noise_sigma    lambda SD, 0.02",1313.482,1305.562,1838.3875,1387.2595,1828.2842
"JSD, SD=100    gaussian_noise_sigma    lambda SD, 0.05",2684.1973,2698.1619,2837.0723,2844.4846,2709.7642
"JSD, SD=100    gaussian_noise_sigma    lambda SD, 0.1",3732.1997,3772.457,3652.459,3820.1516,3758.32
"JSD, SD=100    gaussian_noise_sigma    lambda SD, 0.2",5062.5493,4878.4214,5094.981,5458.0586,5122.8623
"JSD, SD=100    gaussian_noise_sigma    lambda SD, (0.01 over SD) cdot 100",864.7077,951.0541,794.2802,770.516,1020.4817
"JSD, SD=100    gaussian_noise_sigma    lambda SD, (0.02 over SD) cdot 100",1543.6829,1544.1049,1460.791,1377.3356,1331.4629
"JSD, SD=100    gaussian_noise_sigma    lambda SD, (0.05 over SD) cdot 100",2697.3164,2563.936,2741.4456,2743.0898,2630.1636
"JSD, SD=100    gaussian_noise_sigma    lambda SD, (0.1 over SD) cdot 100",3550.4023,3681.5076,3896.973,3832.8186,3476.5898
"JSD, SD=100    gaussian_noise_sigma    lambda SD, (0.2 over SD) cdot 100",5002.8276,4949.7407,5086.3403,5157.3203,4692.498
"JSD, SD=100    missing_entry    0.001",54.472794,51.221516,33.309963,12.153311,17.307322
"JSD, SD=100    missing_entry    0.005",66.1802,50.193115,53.51775,60.399227,70.61369
"JSD, SD=100    missing_entry    0.01",75.462074,99.45975,96.65339,120.71826,119.96158
"JSD, SD=100    missing_entry    0.05",434.57397,897.1092,489.40894,634.0008,414.69006
"JSD, SD=100    missing_entry    0.1",817.0799,1110.1699,1076.5137,919.9773,812.03577
"JSD, SD=100    missing_entry    0.5",3178.5244,3194.3784,3098.2905,3519.613,3074.2532
"JSD, SD=100    missing_entry_combined    0.001",891.2931,911.7589,959.17285,921.65594,773.7693
"JSD, SD=100    missing_entry_combined    0.005",923.4491,962.81604,1468.9957,1063.1228,957.7836
"JSD, SD=100    missing_entry_combined    0.01",1107.8369,910.2865,1012.3383,1941.3134,998.7794
"JSD, SD=100    missing_entry_combined    0.05",1552.2467,1511.5688,1322.9823,1303.44,1409.8315
"JSD, SD=100    missing_entry_combined    0.1",2248.3975,2003.0167,1924.5969,2013.3367,1966.5637
"JSD, SD=100    missing_entry_combined    0.5",3927.79,3917.815,4037.8618,3927.1382,3788.0884
"JSD, SD=100    missing_entry_no_denoising    0.001",497.972,451.36926,553.8494,511.2665,424.22968
"JSD, SD=100    missing_entry_no_denoising    0.005",422.4013,657.6073,551.9804,538.62976,558.46875
"JSD, SD=100    missing_entry_no_denoising    0.01",490.28833,520.46185,456.8777,445.3933,272.02856
"JSD, SD=100    missing_entry_no_denoising    0.05",692.7634,805.72955,672.06836,654.5886,991.5307
"JSD, SD=100    missing_entry_no_denoising    0.1",1230.0226,1138.4225,949.9927,945.4231,1042.1415
"JSD, SD=100    missing_entry_no_denoising    0.5",3105.1934,3054.5327,2899.7896,3004.1147,3252.0784
"JSD, SD=100    rows    100",55.952934,55.868187,56.78153,45.854378,49.480743
"JSD, SD=100    rows    1000",314.47357,387.12018,320.61884,351.197,344.07907
"JSD, SD=100    rows    100000",156.75085,356.47592,206.02332,460.40277,327.40112
"JSD, SD=100    rows    1000000",435.62695,115.42644,223.5665,68.14306,96.489334
"Wassersteinu, SD=100    activation_types    ['relu']",3419.418,3474.4875,3509.0354,3506.584,3511.1829
"Wassersteinu, SD=100    activation_types    ['relu', 'relu', 'relu', 'relu', 'relu']",3203.585,3166.9253,3155.2454,3187.8022,3159.0586
"Wassersteinu, SD=100    activation_types    ['sin', 'cos', 'linear']",3160.7964,3140.9016,3181.8948,3129.1494,3159.976
"Wassersteinu, SD=100    activation_types    ['sin', 'cos', 'linear', 'relu', 'sigmoid']",3118.405,3120.5833,3108.8716,3130.4478,3150.3071
"Wassersteinu, SD=100    input_layer_type    dense",3133.6533,3171.862,3179.7402,3157.251,3124.8567
"Wassersteinu, SD=100    input_layer_type    gaussian_dropout",3143.713,3130.7502,3159.023,3173.1777,3172.0264
"Wassersteinu, SD=100    input_layer_type    sqrt_softmax",4117.869,4129.1143,4092.7773,4014.3042,4040.5469
"Wassersteinu, SD=100    input_layer_type    gaussian_kernel",3239.0933,3230.9634,3252.3853,3268.106,3250.5986
"Wassersteinu, SD=100    input_layer_type    CNN",3178.5132,3193.1138,3118.0706,3168.9685,3189.5923
"Wassersteinu, SD=100    input_layer_type    VAE",5552.5005,5581.791,5517.7695,5559.6074,5556.865
"Wassersteinu, SD=100    encoding_dim    2",3168.5999,3162.168,3139.0674,3201.3394,3177.3997
"Wassersteinu, SD=100    encoding_dim    3",3127.3027,3089.0354,3105.17,3142.713,3094.3333
"Wassersteinu, SD=100    encoding_dim    6",3081.5212,3059.3174,3041.4238,3055.4006,3116.2156
"Wassersteinu, SD=100    hidden_layers    5",3137.0664,3103.1504,3106.808,3140.6973,3102.982
"Wassersteinu, SD=100    hidden_layers    7",3183.7327,3180.3696,3139.3433,3178.5632,3137.4185
"Wassersteinu, SD=100    hidden_layers    9",3194.066,3192.3303,3184.4993,3246.52,3178.1787
"Wassersteinu, SD=100    hidden_layers    27",0.0,0.0,0.0,0.0,0.0
"Wassersteinu, SD=100    activity_regularizer    ",3095.1553,3100.0635,3142.7393,3143.0818,3098.9082
"Wassersteinu, SD=100    activity_regularizer    L2, 0.01",3222.3997,3223.3867,3255.9175,3247.295,3243.8333
"Wassersteinu, SD=100    activity_regularizer    L1, 0.01",3359.2678,3398.7217,3402.3262,3446.2788,3412.533
"Wassersteinu, SD=100    activity_regularizer    L1, 10^-4",3161.9185,3146.2751,3128.3484,3091.842,3093.1748
"Wassersteinu, SD=100    sigma    0.005",1230.6218,1263.3927,1253.645,1277.5398,1251.3693
"Wassersteinu, SD=100    sigma    0.01",2007.1082,2037.7783,2039.8618,2047.3386,2040.146
"Wassersteinu, SD=100    sigma    0.05",4696.1377,4674.97,4728.957,4709.621,4715.2183
"Wassersteinu, SD=100    sigma    0.1",5698.6064,5673.221,5684.1626,5676.432,5702.4775
"Wassersteinu, SD=100    sigma    0.2",6324.0156,6361.802,6361.2764,6353.8276,6333.4795
"Wassersteinu, SD=100    BN_size    2",2069.8682,2057.1338,2087.499,2064.9521,2053.4497
"Wassersteinu, SD=100    BN_size    4",4179.3965,4207.673,4206.524,4202.0244,4194.511
"Wassersteinu, SD=100    BN_size    5",5278.3516,5235.8535,5295.133,5300.758,5269.8643
"Wassersteinu, SD=100    BN_size    10",10684.23,10767.122,10665.868,10717.915,10736.546
"Wassersteinu, SD=100    BN_size    20",21700.057,21686.492,21755.607,21665.17,21665.324
"Wassersteinu, SD=100    BN_size    30",32826.562,32779.04,32889.305,32788.98,32894.113
"Wassersteinu, SD=100    sampling_density    4",5038.735,5102.186,5082.6084,5014.7075,5004.0874
"Wassersteinu, SD=100    sampling_density    15",3652.4402,3914.381,3793.2356,3688.8633,3720.7402
"Wassersteinu, SD=100    sampling_density    25",3090.5881,3087.0852,3069.3823,3041.6191,3008.7756
"Wassersteinu, SD=100    sampling_density    50",3141.3884,3103.896,3125.206,3106.1016,3150.0576
"Wassersteinu, SD=100    sampling_density    150",3139.3623,3114.3215,3127.4792,3124.509,3122.7817
"Wassersteinu, SD=100    sampling_density    300",3104.291,3108.8599,3124.0815,3161.094,3153.2097
"Wassersteinu, SD=100    gaussian_noise_sigma    lambda SD, 0.01",3134.6255,3167.9126,3128.0237,3114.7705,3139.33
"Wassersteinu, SD=100    gaussian_noise_sigma    lambda SD, 0.02",3147.2024,3091.421,3108.973,3104.4673,3094.1177
"Wassersteinu, SD=100    gaussian_noise_sigma    lambda SD, 0.05",3195.2483,3214.4387,3224.5483,3213.3123,3186.9043
"Wassersteinu, SD=100    gaussian_noise_sigma    lambda SD, 0.1",3693.3127,3637.826,3619.7173,3792.7146,3701.2437
"Wassersteinu, SD=100    gaussian_noise_sigma    lambda SD, 0.2",5329.4805,5148.4346,5254.4126,5278.79,5416.0264
"Wassersteinu, SD=100    gaussian_noise_sigma    lambda SD, (0.01 over SD) cdot 100",3155.8809,3120.433,3106.0105,3119.2988,3120.9475
"Wassersteinu, SD=100    gaussian_noise_sigma    lambda SD, (0.02 over SD) cdot 100",3094.9092,3121.1743,3091.0796,3096.4033,3105.9336
"Wassersteinu, SD=100    gaussian_noise_sigma    lambda SD, (0.05 over SD) cdot 100",3216.474,3212.5718,3217.8381,3212.3423,3201.7798
"Wassersteinu, SD=100    gaussian_noise_sigma    lambda SD, (0.1 over SD) cdot 100",3675.342,3707.9253,3636.818,3732.133,3685.9216
"Wassersteinu, SD=100    gaussian_noise_sigma    lambda SD, (0.2 over SD) cdot 100",5376.543,5254.532,5192.7046,5218.319,5238.1836
"Wassersteinu, SD=100    missing_entry    0.001",758.47864,1036.7474,1022.84766,847.45056,1021.7204
"Wassersteinu, SD=100    missing_entry    0.005",825.5067,717.7428,1014.6598,968.59314,802.88965
"Wassersteinu, SD=100    missing_entry    0.01",982.07825,1032.4935,904.5173,816.58655,922.05347
"Wassersteinu, SD=100    missing_entry    0.05",1014.0513,1185.5206,1153.8972,948.8881,1107.8875
"Wassersteinu, SD=100    missing_entry    0.1",1370.2802,1414.3726,1214.5974,1237.8314,1260.8328
"Wassersteinu, SD=100    missing_entry    0.5",3097.6118,3012.8506,3269.5127,3239.8955,3314.8584
"Wassersteinu, SD=100    missing_entry_combined    0.001",3145.6763,3136.1475,3154.3733,3134.3767,3144.5503
"Wassersteinu, SD=100    missing_entry_combined    0.005",3145.5754,3138.206,3125.0906,3128.066,3137.5356
"Wassersteinu, SD=100    missing_entry_combined    0.01",3145.8274,3128.9062,3128.9268,3147.2773,3156.0151
"Wassersteinu, SD=100    missing_entry_combined    0.05",3273.398,3283.688,3291.6604,3274.5505,3268.1597
"Wassersteinu, SD=100    missing_entry_combined    0.1",3432.88,3441.927,3469.7651,3434.2075,3461.88
"Wassersteinu, SD=100    missing_entry_combined    0.5",4772.589,4750.0996,4756.2207,4693.1904,4730.28
"Wassersteinu, SD=100    missing_entry_no_denoising    0.001",900.8599,829.95685,828.66077,1021.6682,1052.5383
"Wassersteinu, SD=100    missing_entry_no_denoising    0.005",1003.48694,906.5716,1000.0609,755.35425,804.1031
"Wassersteinu, SD=100    missing_entry_no_denoising    0.01",1083.4629,1082.6499,1189.2643,917.7708,958.4964
"Wassersteinu, SD=100    missing_entry_no_denoising    0.05",1120.9226,998.8525,1057.1594,1140.8665,1113.5953
"Wassersteinu, SD=100    missing_entry_no_denoising    0.1",1187.8773,1259.0702,1121.223,1393.5574,1318.4056
"Wassersteinu, SD=100    missing_entry_no_denoising    0.5",2963.0425,2816.5425,2852.5593,2742.71,2856.0146
"Wassersteinu, SD=100    rows    100",35.62965,35.90903,35.246864,34.16496,36.425438
"Wassersteinu, SD=100    rows    1000",325.0239,323.17856,327.13898,319.50125,324.2166
"Wassersteinu, SD=100    rows    100000",30854.543,31090.91,30702.816,31113.201,30961.113
"Wassersteinu, SD=100    rows    1000000",308421.75,310445.7,308968.38,307180.72,310083.38
"JSDu, SD=100    activation_types    ['relu']",5754.5557,5712.7705,5678.9966,5608.16,5704.7715
"JSDu, SD=100    activation_types    ['relu', 'relu', 'relu', 'relu', 'relu']",2048.5452,1974.125,2056.0493,2065.0728,2593.3457
"JSDu, SD=100    activation_types    ['sin', 'cos', 'linear']",3273.564,3300.5842,3200.5813,3168.066,3331.8674
"JSDu, SD=100    activation_types    ['sin', 'cos', 'linear', 'relu', 'sigmoid']",3032.3462,3070.4832,3174.3596,2002.5312,1702.3396
"JSDu, SD=100    input_layer_type    dense",1929.3787,1991.2649,1968.8616,1989.8477,2031.9758
"JSDu, SD=100    input_layer_type    gaussian_dropout",1837.6919,1915.8262,2171.6353,2624.228,1851.7771
"JSDu, SD=100    input_layer_type    sqrt_softmax",5109.2666,5382.77,5082.094,5315.208,5361.915
"JSDu, SD=100    input_layer_type    gaussian_kernel",2814.0918,3613.2593,3343.9482,3225.0735,3052.816
"JSDu, SD=100    input_layer_type    CNN",1954.1436,2098.0793,2016.0977,2025.7878,2029.847
"JSDu, SD=100    input_layer_type    VAE",6734.9355,6707.9736,6725.108,6708.8203,6699.1807
"JSDu, SD=100    encoding_dim    2",3229.4517,3661.8013,3636.729,3444.6313,3511.2505
"JSDu, SD=100    encoding_dim    3",1856.7202,1903.4987,1988.2327,1901.6277,2251.6157
"JSDu, SD=100    encoding_dim    6",1880.6794,1896.0613,1906.1272,1903.4772,1897.527
"JSDu, SD=100    hidden_layers    5",2000.2393,1999.2671,2019.2253,1998.5798,2011.7065
"JSDu, SD=100    hidden_layers    7",2125.2349,2053.0835,2088.1333,2079.6196,2067.6074
"JSDu, SD=100    hidden_layers    9",1926.7008,2068.6758,2010.1416,1909.4629,2079.8486
"JSDu, SD=100    hidden_layers    27",0.0,0.0,0.0,0.0,0.0
"JSDu, SD=100    activity_regularizer    ",1807.8057,1714.1343,1757.3369,1795.7761,1752.0369
"JSDu, SD=100    activity_regularizer    L2, 0.01",4052.2417,3980.2524,4065.191,4026.3115,4004.6204
"JSDu, SD=100    activity_regularizer    L1, 0.01",5372.3433,5234.7734,5211.624,5196.574,5136.801
"JSDu, SD=100    activity_regularizer    L1, 10^-4",1815.9165,2745.1106,1939.0712,1730.8677,1765.4521
"JSDu, SD=100    sigma    0.005",327.1219,327.60773,358.38513,326.90283,351.7199
"JSDu, SD=100    sigma    0.01",882.9574,922.8082,913.9863,922.24713,900.25867
"JSDu, SD=100    sigma    0.05",4884.0156,5037.2407,4921.302,4903.385,4827.9624
"JSDu, SD=100    sigma    0.1",6079.213,6052.464,6082.033,6042.883,6011.488
"JSDu, SD=100    sigma    0.2",6581.918,6603.1484,6617.893,6579.87,6618.162
"JSDu, SD=100    BN_size    2",1223.0132,1240.247,1232.4294,1188.608,1228.6606
"JSDu, SD=100    BN_size    4",2907.5828,2413.648,3210.665,2489.146,2327.4983
"JSDu, SD=100    BN_size    5",3021.7917,4068.2898,2862.3174,4107.637,2826.8074
"JSDu, SD=100    BN_size    10",5887.148,6012.477,5834.0356,6048.833,5849.2383
"JSDu, SD=100    BN_size    20",12963.553,12799.791,12699.203,12937.39,12900.963
"JSDu, SD=100    BN_size    30",20228.48,19907.084,20052.648,20096.367,19783.03
"JSDu, SD=100    gaussian_noise_sigma    lambda SD, 0.01",1882.6417,1728.8456,2175.5178,1792.9116,2370.625
"JSDu, SD=100    gaussian_noise_sigma    lambda SD, 0.02",2598.2847,1837.6569,2437.6511,1737.6866,2640.9055
"JSDu, SD=100    gaussian_noise_sigma    lambda SD, 0.05",3863.669,3995.6028,3831.7402,3988.3127,4028.2822
"JSDu, SD=100    gaussian_noise_sigma    lambda SD, 0.1",5027.9775,4945.758,4950.6543,5095.9326,5032.1455
"JSDu, SD=100    gaussian_noise_sigma    lambda SD, 0.2",6509.523,6536.8916,6541.722,6442.964,6490.7827
"JSDu, SD=100    gaussian_noise_sigma    lambda SD, (0.01 over SD) cdot 100",1852.1714,1816.5602,1680.4984,1840.7874,2066.6748
"JSDu, SD=100    gaussian_noise_sigma    lambda SD, (0.02 over SD) cdot 100",3036.4036,2551.5273,2766.4565,1729.1123,2301.0894
"JSDu, SD=100    gaussian_noise_sigma    lambda SD, (0.05 over SD) cdot 100",3945.9583,3965.7944,4046.0508,4013.6538,3984.271
"JSDu, SD=100    gaussian_noise_sigma    lambda SD, (0.1 over SD) cdot 100",4984.935,4826.455,4890.7505,4986.653,4890.6973
"JSDu, SD=100    gaussian_noise_sigma    lambda SD, (0.2 over SD) cdot 100",6477.8916,6485.3633,6460.191,6537.71,6475.1245
"JSDu, SD=100    missing_entry    0.001",16.417456,8.438585,9.19342,8.780878,10.469978
"JSDu, SD=100    missing_entry    0.005",40.01716,54.761383,35.52278,47.591156,113.895775
"JSDu, SD=100    missing_entry    0.01",65.58664,71.59469,70.836075,558.347,95.61839
"JSDu, SD=100    missing_entry    0.05",351.30145,345.65762,296.6193,313.22394,343.73935
"JSDu, SD=100    missing_entry    0.1",668.0139,858.979,765.0637,698.2699,709.3437
"JSDu, SD=100    missing_entry    0.5",3005.7354,3180.9832,3263.229,3036.662,3115.8335
"JSDu, SD=100    missing_entry_combined    0.001",1893.9183,1928.9448,1487.5782,1831.6892,1923.411
"JSDu, SD=100    missing_entry_combined    0.005",2259.4062,1965.2587,1805.8721,1475.3738,2085.1538
"JSDu, SD=100    missing_entry_combined    0.01",2258.7178,2081.919,2375.9648,2100.4734,1949.0753
"JSDu, SD=100    missing_entry_combined    0.05",2024.0986,2157.4424,2116.132,2122.3372,2189.391
"JSDu, SD=100    missing_entry_combined    0.1",2435.67,2457.0603,2420.644,2310.1719,2383.7012
"JSDu, SD=100    missing_entry_combined    0.5",4296.008,4332.9766,4308.909,4297.737,4355.931
"JSDu, SD=100    missing_entry_no_denoising    0.001",193.46307,181.54868,249.91508,287.3985,76.39957
"JSDu, SD=100    missing_entry_no_denoising    0.005",280.69107,160.33304,460.7975,188.8645,122.33868
"JSDu, SD=100    missing_entry_no_denoising    0.01",348.6976,249.14832,168.6372,345.1072,288.29562
"JSDu, SD=100    missing_entry_no_denoising    0.05",495.21844,502.60245,514.4565,492.88452,599.8071
"JSDu, SD=100    missing_entry_no_denoising    0.1",771.1593,758.6206,762.4469,741.47,760.09106
"JSDu, SD=100    missing_entry_no_denoising    0.5",2990.648,3060.515,3013.846,3126.7754,3081.376
"JSDu, SD=100    rows    100",22.676268,23.080112,23.706036,22.051163,23.138456
"JSDu, SD=100    rows    1000",197.2397,194.11104,196.85506,200.8129,197.06331
"JSDu, SD=100    rows    100000",19767.227,19833.512,19883.293,19939.371,19659.078
"JSDu, SD=100    rows    1000000",204044.31,201568.9,202742.14,202152.48,202484.38
